"Director_id","Name","Rating","Movie_Count"
nm0251027,Ertem Egilmez,9.2,1
nm2339782,Murat Dündar,9.1,1
nm2755490,Amitabh Reza Chowdhury,9.0,1
nm7882203,Kiranraj K,8.9,1
nm4377096,T.J. Gnanavel,8.8,1
nm0534856,Madhavan,8.8,1
nm1464314,Sudha Kongara,8.7,1
nm0462030,Masaki Kobayashi,8.6,1
nm0000905,Roberto Benigni,8.6,1
nm2380725,Hanu Raghavapudi,8.6,1
nm0473936,Kurt Kuenne,8.5,1
nm4242320,C. Prem Kumar,8.5,1
nm0294825,Ron Fricke,8.45,2
nm1892252,Vivek Agnihotri,8.4,2
nm0895048,Dziga Vertov,8.4,1
nm0459552,Elem Klimov,8.4,1
nm3315387,Vishnuvardhan,8.4,1
nm2694309,Louie Psihoyos,8.4,1
nm1721001,Justin Folk,8.4,1
nm2535507,Mukesh Chhabra,8.4,1
nm1701024,Nadine Labaki,8.4,1
nm2371802,Thomas Kail,8.4,1
nm4274575,Vetrimaaran,8.4,1
nm2572228,Jeethu Joseph,8.35,2
nm0000122,Charles Chaplin,8.32,6
nm4318159,Nitesh Tiwari,8.3,2
nm0006249,Satyajit Ray,8.3,1
nm0612322,Robert Mulligan,8.3,1
nm0549658,Richard Marquand,8.3,1
nm0416945,Steve James,8.3,1
nm6142895,Rishab Shetty,8.3,1
nm2391751,Abhishek Pathak,8.3,1
nm8631915,Can Ulkay,8.3,1
nm6442107,Ram Kumar,8.3,1
nm1365879,Morgan Neville,8.3,1
nm0001120,Vittorio De Sica,8.25,2
nm6073824,Prashanth Neel,8.25,2
nm0001466,Sergio Leone,8.22,6
nm0003433,Carl Theodor Dreyer,8.2,1
nm0654868,Yasujirô Ozu,8.2,1
nm0002020,Costa-Gavras,8.2,1
nm0716585,Godfrey Reggio,8.2,1
nm0006498,Majid Majidi,8.2,1
nm1463981,Çagan Irmak,8.2,1
nm1725469,Florian Zeller,8.2,1
nm3133017,Mehmet Ada Öztekin,8.2,1
nm0031342,Predrag Antonijevic,8.2,1
nm1417038,Haruo Sotozaki,8.2,1
nm4627221,Darin J. Sallam,8.2,1
nm0002728,Juan José Campanella,8.2,1
nm0223606,Tigmanshu Dhulia,8.2,1
nm2480587,Charles Ferguson,8.2,1
nm0070594,Malik Bendjelloul,8.2,1
nm1723225,Nishikant Kamat,8.2,1
nm3809021,Alper Caglar,8.2,1
nm1437189,Sriram Raghavan,8.2,1
nm2336554,Aditya Dhar,8.2,1
nm0000485,Fritz Lang,8.17,3
nm0634240,Christopher Nolan,8.15,11
nm0167241,Henri-Georges Clouzot,8.15,2
nm0438090,Asif Kapadia,8.15,2
nm0000040,Stanley Kubrick,8.1,11
nm0001008,Frank Capra,8.1,5
nm0523932,Ernst Lubitsch,8.1,2
nm0443411,Tony Kaye,8.1,2
nm0587277,Lewis Milestone,8.1,1
nm0909825,Raoul Walsh,8.1,1
nm0202088,Jules Dassin,8.1,1
nm0690597,Gillo Pontecorvo,8.1,1
nm0611531,Hrishikesh Mukherjee,8.1,1
nm0001023,John Cassavetes,8.1,1
nm0802693,Ramesh Sippy,8.1,1
nm0002160,Moustapha Akkad,8.1,1
nm0001945,Claude Berri,8.1,1
nm0155280,Kaige Chen,8.1,1
nm0559877,John Mathew Matthan,8.1,1
nm0945981,Edward Yang,8.1,1
nm0889943,Ömer Vargi,8.1,1
nm0024912,Shimit Amin,8.1,1
nm0254178,Adam Elliot,8.1,1
nm10293473,Ali Tabrizi,8.1,1
nm0003939,Vikramaditya Motwane,8.1,1
nm1084488,Umesh Shukla,8.1,1
nm1363250,Gabriela Cowperthwaite,8.1,1
nm0882203,Zaza Urushadze,8.1,1
nm1167933,Damián Szifron,8.1,1
nm4784536,Neeraj Ghaywan,8.1,1
nm2210720,Naoko Yamada,8.1,1
nm2287772,Aniruddha Roy Chowdhury,8.1,1
nm1780037,Céline Sciamma,8.1,1
nm1530433,Todd Douglas Miller,8.1,1
nm3481620,Sashi Kiran Tikka,8.1,1
nm0000005,Ingmar Bergman,8.07,9
nm0000694,Wim Wenders,8.05,2
nm0440604,Anurag Kashyap,8.05,2
nm0015295,Zoya Akhtar,8.05,2
nm0000180,David Lean,8.04,5
nm0386246,Rajkumar Hirani,8.04,5
nm0000697,Billy Wilder,8.03,10
nm7992231,Lokesh Kanagaraj,8.03,3
nm0000019,Federico Fellini,8.0,5
nm0003638,F.W. Murnau,8.0,2
nm0719756,Jean Renoir,8.0,2
nm2134474,Vikas Bahl,8.0,2
nm0927468,Robert Wiene,8.0,1
nm0744023,Roberto Rossellini,8.0,1
nm0869664,Jacques Tourneur,8.0,1
nm0357607,Robert Hamer,8.0,1
nm0001452,Charles Laughton,8.0,1
nm0744035,Robert Rossen,8.0,1
nm0899581,Luchino Visconti,8.0,1
nm0960028,Katsuhiro Ôtomo,8.0,1
nm0764316,Rajkumar Santoshi,8.0,1
nm0000671,Billy Bob Thornton,8.0,1
nm1030706,Jae-young Kwak,8.0,1
nm0437625,Je-kyu Kang,8.0,1
nm1571761,Sian Heder,8.0,1
nm0847690,Yôjirô Takita,8.0,1
nm2896395,Levent Semerci,8.0,1
nm0284369,Ari Folman,8.0,1
nm6649966,Chandoo Mondeti,8.0,1
nm2612991,Banksy,8.0,1
nm0667650,Frank Pavich,8.0,1
nm0080235,Vishal Bhardwaj,8.0,1
nm1441566,Marwan Hamed,8.0,1
nm0204628,Garth Davis,8.0,1
nm0688636,Laura Poitras,8.0,1
nm0316795,Alex Gibney,8.0,1
nm1120092,Jasmila Zbanic,8.0,1
nm0001104,Frank Darabont,7.98,4
nm0594503,Hayao Miyazaki,7.97,11
nm0149196,Nuri Bilge Ceylan,7.97,3
nm1442514,S.S. Rajamouli,7.95,4
nm0695937,Otto Preminger,7.95,2
nm0001501,Louis Malle,7.95,2
nm0836328,John Sturges,7.95,2
nm0578483,Jean-Pierre Melville,7.95,2
nm1104118,Kim Ki-duk,7.95,2
nm1223910,Sujoy Ghosh,7.95,2
nm0000116,James Cameron,7.94,8
nm0943758,William Wyler,7.93,4
nm0006452,Stanley Kramer,7.93,4
nm0868153,Giuseppe Tornatore,7.93,4
nm0001415,Elia Kazan,7.93,3
nm0332950,Ashutosh Gowariker,7.93,3
nm1999473,Shoojit Sircar,7.93,3
nm1335875,Sukumar,7.93,3
nm0000406,John Ford,7.92,5
nm0466153,Hirokazu Koreeda,7.9,3
nm0112218,Richard Brooks,7.9,2
nm0154716,Stephen Chbosky,7.9,2
nm0001178,Sergei Eisenstein,7.9,1
nm0886754,W.S. Van Dyke,7.9,1
nm0002545,Preston Sturges,7.9,1
nm0780833,George Seaton,7.9,1
nm0467396,Henry Koster,7.9,1
nm0001124,Cecil B. DeMille,7.9,1
nm0720297,Alain Resnais,7.9,1
nm0367431,Anthony Harvey,7.9,1
nm0464911,Yoshifumi Kondô,7.9,1
nm0081433,Fabián Bielinsky,7.9,1
nm0849786,Danis Tanovic,7.9,1
nm0012541,Nikkhil Advani,7.9,1
nm0770942,Richard Schenkman,7.9,1
nm0612816,Cristian Mungiu,7.9,1
nm0371890,Michel Hazanavicius,7.9,1
nm2406154,Daniel Ribeiro,7.9,1
nm0352032,Kamal Haasan,7.9,1
nm1329166,Raja Menon,7.9,1
nm1922242,Hun Jang,7.9,1
nm2669564,R. Balki,7.9,1
nm2279430,Amit Ravindernath Sharma,7.9,1
nm0847223,Isao Takahata,7.85,4
nm0001437,Emir Kusturica,7.85,4
nm0000736,Robert Aldrich,7.85,2
nm2406731,Bryan Fogel,7.85,2
nm1397301,Anurag Basu,7.85,2
nm0898288,Denis Villeneuve,7.83,7
nm0001425,Krzysztof Kieslowski,7.83,4
nm0464804,Satoshi Kon,7.83,4
nm0000320,Luis Buñuel,7.83,3
nm0899121,Thomas Vinterberg,7.8,4
nm0000797,Hal Ashby,7.8,3
nm0533241,Alexander Mackendrick,7.8,2
nm0002080,Bob Fosse,7.8,2
nm0218840,Jacques Demy,7.8,1
nm0835799,Mel Stuart,7.8,1
nm0262693,David Mickey Evans,7.8,1
nm0415714,Thomas Jahn,7.8,1
nm0056725,Christophe Barratier,7.8,1
nm0074163,Edward Berger,7.8,1
nm0448422,Robert Kenner,7.8,1
nm0438461,Abhishek Kapoor,7.8,1
nm3592235,Ritesh Batra,7.8,1
nm0911334,Matthew Warchus,7.8,1
nm0743671,Matt Ross,7.8,1
nm1062080,Saket Chaudhary,7.8,1
nm7243877,Basil Joseph,7.8,1
nm3227090,Damien Chazelle,7.78,4
nm0003593,Fred Zinnemann,7.77,4
nm0001486,Sidney Lumet,7.75,8
nm0715346,Carol Reed,7.75,2
nm0712947,Nicholas Ray,7.75,2
nm0877078,Yavuz Turgul,7.75,2
nm0698184,Priyadarshan,7.75,2
nm0769874,Franklin J. Schaffner,7.73,4
nm1732981,Martin McDonagh,7.73,4
nm0001843,James Whale,7.73,3
nm0000581,Joseph L. Mankiewicz,7.73,3
nm0396074,Mamoru Hosoda,7.73,3
nm0327944,Alejandro G. Iñárritu,7.72,6
nm0001232,Milos Forman,7.7,6
nm1396121,Makoto Shinkai,7.7,4
nm1168657,Andrey Zvyagintsev,7.7,3
nm0923736,Joss Whedon,7.7,3
nm0138809,John Carney,7.7,3
nm1016428,James Marsh,7.7,2
nm0229424,Edward Dmytryk,7.7,1
nm0256831,Cy Endfield,7.7,1
nm0482537,René Laloux,7.7,1
nm0065615,Wolfgang Becker,7.7,1
nm0611932,Peter Mullan,7.7,1
nm0137228,Christian Carion,7.7,1
nm0379179,Mark Herman,7.7,1
nm4861887,Torquil Jones,7.7,1
nm2556572,Jeong-beom Lee,7.7,1
nm0620363,Tetsuya Nakashima,7.7,1
nm3834799,Charlotte Wells,7.7,1
nm2155757,Josh Cooley,7.7,1
nm0444244,Abdellatif Kechiche,7.7,1
nm1957706,Claude Barras,7.7,1
nm0391502,Hannes Holm,7.7,1
nm1322477,Abhishek Chaubey,7.7,1
nm0002645,Paolo Genovese,7.7,1
nm2942187,Darius Marder,7.7,1
nm0619110,Tatsuya Nagamine,7.7,1
nm0001392,Peter Jackson,7.69,13
nm0000033,Alfred Hitchcock,7.68,24
nm0001351,George Roy Hill,7.68,4
nm1436693,A.R. Murugadoss,7.68,4
nm0000217,Martin Scorsese,7.67,21
nm1410815,Asghar Farhadi,7.67,6
nm0000076,François Truffaut,7.67,3
nm1079062,Oriol Paulo,7.67,3
nm0000399,David Fincher,7.66,11
nm0601619,Michael Moore,7.65,6
nm0094435,Bong Joon Ho,7.65,6
nm0000774,Michelangelo Antonioni,7.65,2
nm0671957,Arthur Penn,7.65,2
nm0651900,Mamoru Oshii,7.65,2
nm0600546,Lukas Moodysson,7.65,2
nm0518836,Kenneth Lonergan,7.65,2
nm0276349,Shane Meadows,7.65,2
nm0948488,Hiromasa Yonebayashi,7.65,2
nm0000154,Mel Gibson,7.64,5
nm0000277,Richard Attenborough,7.63,3
nm1665004,Imtiaz Ali,7.62,4
nm0424103,Karan Johar,7.6,3
nm0564970,Leo McCarey,7.6,2
nm0828419,George Stevens,7.6,2
nm0772259,John Schlesinger,7.6,2
nm0404606,Brian G. Hutton,7.6,2
nm0423646,Roland Joffé,7.6,2
nm0001429,Takeshi Kitano,7.6,2
nm0711745,Mani Ratnam,7.6,2
nm0421314,Anders Thomas Jensen,7.6,2
nm2947553,Na Hong-jin,7.6,2
nm1903006,Gauri Shinde,7.6,2
nm1950086,Greta Gerwig,7.6,2
nm0896533,Charles Vidor,7.6,1
nm0290802,Georges Franju,7.6,1
nm0757256,Gene Saks,7.6,1
nm0001874,Franco Zeffirelli,7.6,1
nm0167195,Robert Clouse,7.6,1
nm0292419,James Frawley,7.6,1
nm0041932,Mark Rydell,7.6,1
nm0561813,Ron Maxwell,7.6,1
nm0320660,François Girard,7.6,1
nm0366004,Mary Harron,7.6,1
nm0301826,Bob Gale,7.6,1
nm0745131,Marc Rothemund,7.6,1
nm0196860,Olivier Dahan,7.6,1
nm1868177,Ladj Ly,7.6,1
nm2341611,Jeff Orlowski-Yang,7.6,1
nm0600409,Daniel Monzón,7.6,1
nm3152327,Ryûsuke Hamaguchi,7.6,1
nm0177896,Bradley Cooper,7.6,1
nm2197025,Deniz Gamze Ergüven,7.6,1
nm0771923,Sebastian Schipper,7.6,1
nm2285536,Anthony Maras,7.6,1
nm0497274,Francis Lee,7.6,1
nm0252230,Chiwetel Ejiofor,7.6,1
nm2268736,Tim Wardle,7.6,1
nm1778124,Ali Atay,7.6,1
nm4940051,Shin'ichirô Ueda,7.6,1
nm0193485,Richard Curtis,7.57,3
nm0000338,Francis Ford Coppola,7.55,11
nm0661791,Park Chan-wook,7.55,8
nm0005069,Spike Jonze,7.55,4
nm0001047,Michael Cimino,7.55,2
nm0001754,Todd Solondz,7.55,2
nm1259871,John Crowley,7.55,2
nm1653753,Paul King,7.55,2
nm1018493,Rakeysh Omprakash Mehra,7.53,3
nm0027572,Wes Anderson,7.52,10
nm0005222,Sam Mendes,7.52,8
nm0000419,Jean-Luc Godard,7.52,6
nm0080220,Sanjay Leela Bhansali,7.52,5
nm0001603,Sam Peckinpah,7.5,4
nm2308774,Destin Daniel Cretton,7.5,4
nm0878763,Morten Tyldum,7.5,3
nm0230859,Xavier Dolan,7.5,3
nm0423524,Alejandro Jodorowsky,7.5,2
nm0159507,Stephen Chow,7.5,2
nm0886976,Felix van Groeningen,7.5,2
nm1053530,Tom Ford,7.5,2
nm1049433,Lenny Abrahamson,7.5,2
nm0577647,Theodore Melfi,7.5,2
nm9227039,Sandeep Reddy Vanga,7.5,2
nm0928208,Fred M. Wilcox,7.5,1
nm0657162,George Pal,7.5,1
nm0534084,Ian MacNaughton,7.5,1
nm0362736,Robin Hardy,7.5,1
nm0000425,Peter Greenaway,7.5,1
nm0000641,Gary Sinise,7.5,1
nm0005917,Joseph Vilsmaier,7.5,1
nm0254632,Stephan Elliott,7.5,1
nm0000209,Tim Robbins,7.5,1
nm0001214,Mike Figgis,7.5,1
nm1166926,Vadim Perelman,7.5,1
nm0564827,Tim McCanlies,7.5,1
nm0000780,Denys Arcand,7.5,1
nm1077168,Yann Samuell,7.5,1
nm0415207,Luc Jacquet,7.5,1
nm0437526,Shûsuke Kaneko,7.5,1
nm1093053,Brian Percival,7.5,1
nm0134559,Laurent Cantet,7.5,1
nm0053028,Philip Barantini,7.5,1
nm0175916,Paddy Considine,7.5,1
nm0748066,Henry Alex Rubin,7.5,1
nm0185848,Eli Craig,7.5,1
nm1243905,Michael Gracey,7.5,1
nm1492802,Shashanka Ghosh,7.5,1
nm2850440,Bilal Lashari,7.5,1
nm0220240,Eugenio Derbez,7.5,1
nm0240196,Michael Dudok de Wit,7.5,1
nm0605137,Brett Morgen,7.5,1
nm0258221,Ildikó Enyedi,7.5,1
nm5961051,Atlee,7.5,1
nm7546166,Gustav Möller,7.5,1
nm0496969,Lee Chang-dong,7.5,1
nm3603873,Amar Kaushik,7.5,1
nm3819854,Om Raut,7.5,1
nm2304675,Lulu Wang,7.5,1
nm0592135,Lin-Manuel Miranda,7.5,1
nm3232264,Reinaldo Marcus Green,7.5,1
nm2193504,Emerald Fennell,7.5,1
nm3021346,Jérémy Clapin,7.5,1
nm0001837,Peter Weir,7.48,8
nm0001348,Werner Herzog,7.48,6
nm0412465,James Ivory,7.47,3
nm0276062,Todd Field,7.47,3
nm1258686,Joachim Trier,7.47,3
nm0000500,Richard Linklater,7.46,11
nm0001661,Rob Reiner,7.46,10
nm1560977,Cary Joji Fukunaga,7.45,4
nm0583292,Nicholas Meyer,7.45,2
nm0000770,David Anspaugh,7.45,2
nm0452102,Abbas Kiarostami,7.45,2
nm0000576,Sean Penn,7.45,2
nm0233757,Jaco Van Dormael,7.45,2
nm0667734,Pawel Pawlikowski,7.45,2
nm0001789,Andrei Tarkovsky,7.44,7
nm0005139,Mike Leigh,7.43,6
nm0000269,Jean-Jacques Annaud,7.43,3
nm0783139,Henry Selick,7.43,3
nm0516360,Ken Loach,7.43,3
nm0000264,Pedro Almodóvar,7.42,12
nm0000186,David Lynch,7.42,10
nm0000759,Paul Thomas Anderson,7.42,9
nm0359734,Michael Haneke,7.42,6
nm0885249,Jean-Marc Vallée,7.42,5
nm0197636,Stephen Daldry,7.42,4
nm0000570,Alan Parker,7.41,7
nm0939182,Kar-Wai Wong,7.41,7
nm0000591,Roman Polanski,7.4,13
nm0001129,Jonathan Demme,7.4,4
nm2588606,Steve McQueen,7.4,4
nm0159147,Aditya Chopra,7.4,3
nm1027719,Farhan Akhtar,7.4,3
nm0248942,Uli Edel,7.4,2
nm0807687,Chris Smith,7.4,2
nm0485943,Walter Lang,7.4,1
nm0242945,George Dunning,7.4,1
nm0368871,Henry Hathaway,7.4,1
nm0706182,Bob Rafelson,7.4,1
nm0788940,Jim Sharman,7.4,1
nm0108745,James Bridges,7.4,1
nm0950759,Woo-Ping Yuen,7.4,1
nm0000626,John Sayles,7.4,1
nm0001252,Vincent Gallo,7.4,1
nm0000806,Bille August,7.4,1
nm0580669,James Merendino,7.4,1
nm0000630,Liev Schreiber,7.4,1
nm1053371,Duncan Tucker,7.4,1
nm0918326,Hans Weingartner,7.4,1
nm0792202,Kirsten Sheridan,7.4,1
nm1383079,Todd Kessler,7.4,1
nm0264236,Richard Eyre,7.4,1
nm1063072,Abbas Tyrewala,7.4,1
nm0082802,Mike Binder,7.4,1
nm0225269,Kirby Dick,7.4,1
nm0346550,Davis Guggenheim,7.4,1
nm0688361,Bill Pohlad,7.4,1
nm1818032,Lee Isaac Chung,7.4,1
nm0208343,Raymond De Felitta,7.4,1
nm0761715,Scott Sanders,7.4,1
nm1154836,Enrico Casarosa,7.4,1
nm3311094,Keishi Otomo,7.4,1
nm2011696,Dee Rees,7.4,1
nm0265852,Philippe Falardeau,7.4,1
nm4824763,Thea Sharrock,7.4,1
nm1841577,László Nemes,7.4,1
nm0257554,Michael Engler,7.4,1
nm3102998,Bo Burnham,7.4,1
nm1203013,Hang-jun Jang,7.4,1
nm2151374,Eliza Hittman,7.4,1
nm0541562,Gail Mancuso,7.4,1
nm2260751,Sally El Hosaini,7.4,1
nm5616219,Nagraj Manjule,7.4,1
nm3817317,Max Barbakow,7.4,1
nm3489851,Shaka King,7.4,1
nm0004716,Darren Aronofsky,7.39,8
nm0000041,Akira Kurosawa,7.38,13
nm0716257,Matt Reeves,7.38,5
nm0948159,Wilson Yip,7.38,4
nm0773603,Julian Schnabel,7.37,3
nm0655683,José Padilha,7.37,3
nm0002191,Jacques Audiard,7.37,3
nm0422484,Norman Jewison,7.35,8
nm0000953,Peter Bogdanovich,7.35,4
nm0591486,Vincente Minnelli,7.35,2
nm0891554,Francis Veber,7.35,2
nm0567620,John Michael McDonagh,7.35,2
nm0354091,Andrew Haigh,7.35,2
nm1024677,John Krasinski,7.35,2
nm0005363,Guy Ritchie,7.33,11
nm1218281,Jon Watts,7.33,4
nm0005237,Anthony Minghella,7.33,3
nm0001302,Christopher Guest,7.33,3
nm0000243,Denzel Washington,7.33,3
nm0000455,John Hughes,7.32,6
nm0955443,Yimou Zhang,7.32,6
nm0339030,Paul Greengrass,7.3,9
nm0000934,Bernardo Bertolucci,7.3,6
nm0009190,J.J. Abrams,7.3,6
nm0950109,Terence Young,7.3,4
nm0000255,Ben Affleck,7.3,4
nm3363032,Ryan Coogler,7.3,4
nm0587955,Bennett Miller,7.3,3
nm0590122,Mike Mills,7.3,3
nm0048918,Sean Baker,7.3,3
nm0853380,Julie Taymor,7.3,2
nm0000200,Bill Paxton,7.3,2
nm0133899,Guillaume Canet,7.3,2
nm0002077,Dexter Fletcher,7.3,2
nm0406334,Armando Iannucci,7.3,2
nm0768959,Dan Scanlon,7.3,2
nm0884547,Tonino Valerii,7.3,1
nm0601800,Robert Moore,7.3,1
nm0643171,Nobuhiko Ôbayashi,7.3,1
nm0371059,Jamie Uys,7.3,1
nm0958558,Andrzej Zulawski,7.3,1
nm0639321,Dan O'Bannon,7.3,1
nm0715916,Jerry Rees,7.3,1
nm0002140,Agnieszka Holland,7.3,1
nm0000788,Gillian Armstrong,7.3,1
nm0436284,Scott Kalvert,7.3,1
nm0733692,Marc Rocco,7.3,1
nm0000786,George Armitage,7.3,1
nm0458251,Cédric Klapisch,7.3,1
nm0262595,Bruce A. Evans,7.3,1
nm7424077,Shantanu Bagchi,7.3,1
nm0606439,Christopher Morris,7.3,1
nm0003557,Richard J. Lewis,7.3,1
nm1223381,Andrés Baiz,7.3,1
nm2609807,Kelly Fremon Craig,7.3,1
nm1392994,Amma Asante,7.3,1
nm0122427,Rob Burnett,7.3,1
nm0290556,James Franco,7.3,1
nm0489309,Éric Lartigau,7.3,1
nm0011752,Maren Ade,7.3,1
nm0312315,Hugo Gélin,7.3,1
nm1706767,Jonah Hill,7.3,1
nm1476102,Jeremiah Zagar,7.3,1
nm0319213,Vince Gilligan,7.3,1
nm0003506,James Mangold,7.27,10
nm0891216,Matthew Vaughn,7.27,7
nm0001175,Blake Edwards,7.27,6
nm0386570,Oliver Hirschbiegel,7.27,3
nm0161834,Derek Cianfrance,7.27,3
nm0001770,Fisher Stevens,7.27,3
nm0815204,Paolo Sorrentino,7.25,4
nm0000134,Robert De Niro,7.25,2
nm0007181,Yash Chopra,7.25,2
nm1717925,Bart Layton,7.25,2
nm1503575,Barry Jenkins,7.25,2
nm0000229,Steven Spielberg,7.24,33
nm0640334,Gavin O'Connor,7.24,5
nm0000184,George Lucas,7.23,6
nm0024622,Alejandro Amenábar,7.23,6
nm0001508,Penny Marshall,7.23,4
nm1128037,Ruben Östlund,7.23,3
nm0000464,Jim Jarmusch,7.22,11
nm0000265,Robert Altman,7.22,8
nm0426059,Rian Johnson,7.22,6
nm0001241,Stephen Frears,7.21,8
nm0001741,Bryan Singer,7.2,10
nm1989536,Marc Webb,7.2,4
nm0487166,Yorgos Lanthimos,7.2,4
nm0193508,Simon Curtis,7.2,4
nm0586281,Takashi Miike,7.2,3
nm0815070,Aaron Sorkin,7.2,3
nm0959062,Terry Zwigoff,7.2,2
nm0003697,Florian Henckel von Donnersmarck,7.2,2
nm0019242,Daniel Alfredson,7.2,2
nm1325899,Travis Knight,7.2,2
nm4170048,Ari Aster,7.2,2
nm0905729,George Waggner,7.2,1
nm0279807,Terence Fisher,7.2,1
nm0179281,Sergio Corbucci,7.2,1
nm0172772,Peter Collinson,7.2,1
nm0764781,Richard C. Sarafian,7.2,1
nm0000045,Bruce Lee,7.2,1
nm0363553,Robert Harmon,7.2,1
nm0793802,Nelson Shin,7.2,1
nm1096524,Jacob Estes,7.2,1
nm0789366,Jessica Sharzer,7.2,1
nm1595280,James Gartner,7.2,1
nm1041597,Morgan Spurlock,7.2,1
nm0190780,Gabor Csupo,7.2,1
nm0432380,Miranda July,7.2,1
nm0035462,Neil Armfield,7.2,1
nm1058247,Goran Dukic,7.2,1
nm0114226,Matt Brown,7.2,1
nm3391600,Kwang Il Han,7.2,1
nm1403221,Potsy Ponciroli,7.2,1
nm2905562,Daniel Barber,7.2,1
nm1850516,Jenny Popplewell,7.2,1
nm1170520,Sophie Hyde,7.2,1
nm0448757,James Kent,7.2,1
nm0506802,Ben Lewin,7.2,1
nm1022455,Benh Zeitlin,7.2,1
nm1509613,Jorge R. Gutiérrez,7.2,1
nm1031708,Mikkel Nørgaard,7.2,1
nm0126096,James Ward Byrkit,7.2,1
nm0735705,Alberto Rodríguez,7.2,1
nm0750275,Björn Runge,7.2,1
nm0266622,Rick Famuyiwa,7.2,1
nm1100217,Richie Smyth,7.2,1
nm1840064,Michael Noer,7.2,1
nm2282774,Chris Appelhans,7.2,1
nm1731154,Farhad Safinia,7.2,1
nm1378015,Subhash Kapoor,7.2,1
nm1682573,Justin Baldoni,7.2,1
nm2776774,Alma Har'el,7.2,1
nm1994243,Scott Z. Burns,7.2,1
nm4315078,Dominic Cooke,7.2,1
nm3229507,Olivia Newman,7.2,1
nm0442241,Philip Kaufman,7.18,5
nm0453518,Jee-woon Kim,7.18,5
nm0000941,Kathryn Bigelow,7.17,7
nm0003160,Christopher McQuarrie,7.17,4
nm0000783,Dario Argento,7.17,3
nm0000126,Kevin Costner,7.17,3
nm0001885,Lars von Trier,7.16,9
nm0001331,Todd Haynes,7.16,5
nm0353673,Paul Haggis,7.15,4
nm1139726,Neil Burger,7.15,4
nm1193346,Sean Ellis,7.15,2
nm0771054,Lone Scherfig,7.15,2
nm0870469,Dan Trachtenberg,7.15,2
nm0036349,Andrea Arnold,7.15,2
nm1079776,George Nolfi,7.15,2
nm3792134,Aneesh Chaganty,7.15,2
nm0000490,Spike Lee,7.14,9
nm0000431,Taylor Hackford,7.14,7
nm0286975,Marc Forster,7.13,9
nm0565336,Tom McCarthy,7.13,6
nm1443502,Jordan Peele,7.13,3
nm3211470,Robert Eggers,7.13,3
nm0000487,Ang Lee,7.12,9
nm0946734,David Yates,7.12,8
nm0525303,Baz Luhrmann,7.12,6
nm0000520,Michael Mann,7.1,10
nm0001880,Edward Zwick,7.1,10
nm0001338,Brian Helgeland,7.1,4
nm1291105,J.A. Bayona,7.1,4
nm0088955,Neill Blomkamp,7.1,3
nm0002338,Jack Clayton,7.1,2
nm0742341,Stuart Rosenberg,7.1,2
nm0469694,Wayne Kramer,7.1,2
nm0708903,Lynne Ramsay,7.1,2
nm0335138,Debra Granik,7.1,2
nm1783265,Tim Miller,7.1,2
nm1580671,Jon S. Baird,7.1,2
nm2648685,Mike Cahill,7.1,2
nm0004234,Alfonso Gomez-Rejon,7.1,2
nm1023919,Ramin Bahrani,7.1,2
nm0623768,Ronald Neame,7.1,1
nm0399853,Hugh Hudson,7.1,1
nm0390822,Savage Steve Holland,7.1,1
nm0438279,Jonathan Kaplan,7.1,1
nm0449863,Justin Kerrigan,7.1,1
nm0063785,Henry Bean,7.1,1
nm0004363,Rakesh Roshan,7.1,1
nm0467225,Peter Kosminsky,7.1,1
nm1009775,Greg Marcks,7.1,1
nm1293863,Hiroyuki Morita,7.1,1
nm0562266,John Maybury,7.1,1
nm0300015,Shainee Gabel,7.1,1
nm0423333,Phil Joanou,7.1,1
nm0463316,Kunal Kohli,7.1,1
nm0420982,Tamara Jenkins,7.1,1
nm0610219,Oren Moverman,7.1,1
nm0111845,Adam Brooks,7.1,1
nm2326979,Larysa Kondracki,7.1,1
nm8066994,Chung-Hyun Lee,7.1,1
nm0005093,Regina King,7.1,1
nm0200702,Dany Boon,7.1,1
nm3519173,Nora Fingscheidt,7.1,1
nm0562470,Max Mayer,7.1,1
nm2441699,Graham Moore,7.1,1
nm3220744,Felicity Morris,7.1,1
nm5518137,Anirudh Iyer,7.1,1
nm0855300,Jonathan Teplitzky,7.1,1
nm0396075,Masahiro Hosoda,7.1,1
nm3758453,Radha Krishna Jagarlamudi,7.1,1
nm2051728,Morgan Matthews,7.1,1
nm1481618,Peter Landesman,7.1,1
nm1404307,Simon Stone,7.1,1
nm0348495,Sanjay Gupta,7.1,1
nm4023702,Steven Caple Jr.,7.1,1
nm0580351,Stephen Merchant,7.1,1
nm1290515,Antonio Campos,7.1,1
nm0609944,Wagner Moura,7.1,1
nm2027419,Melina Matsoukas,7.1,1
nm1996352,Matthew Michael Carnahan,7.1,1
nm0001566,Mike Nichols,7.09,10
nm0000316,Mel Brooks,7.09,7
nm0001130,Ted Demme,7.08,4
nm2158772,Jeff Nichols,7.08,4
nm0000709,Robert Zemeckis,7.07,18
nm0610831,Gabriele Muccino,7.07,4
nm0001005,Jane Campion,7.07,3
nm0001676,Nicolas Roeg,7.05,4
nm0528718,Jonathan Lynn,7.05,4
nm0467646,Ted Kotcheff,7.05,2
nm0741262,Bernard Rose,7.05,2
nm1272773,Prachya Pinkaew,7.05,2
nm0313623,Terry George,7.05,2
nm1206844,Drew Goddard,7.05,2
nm0448768,Jennifer Kent,7.05,2
nm5820154,Ilya Naishuller,7.05,2
nm0000095,Woody Allen,7.04,40
nm0002657,Gary Ross,7.04,5
nm0000631,Ridley Scott,7.03,24
nm0718646,Jason Reitman,7.03,8
nm0001587,Alan J. Pakula,7.03,6
nm0006487,Jim Sheridan,7.03,6
nm0593463,John Cameron Mitchell,7.03,3
nm0951975,S. Craig Zahler,7.03,3
nm1716636,Marielle Heller,7.03,3
nm1126068,Meghna Gulzar,7.03,3
nm0001024,Nick Cassavetes,7.02,5
nm2676052,Joseph Kosinski,7.02,5
nm0751102,David O. Russell,7.01,7
nm0531817,Kevin Macdonald,7.01,7
nm0001628,Sydney Pollack,7.0,8
nm0006889,Herbert Ross,7.0,4
nm0384825,John Hillcoat,7.0,4
nm0004675,Phil Alden Robinson,7.0,3
nm0005295,Trey Parker,7.0,3
nm0000454,Dennis Hopper,7.0,2
nm0000914,Robert Benton,7.0,2
nm0806293,George Sluizer,7.0,2
nm0001873,Steven Zaillian,7.0,2
nm0000408,Jonathan Frakes,7.0,2
nm1285613,Andrew Jarecki,7.0,2
nm0000777,Gregg Araki,7.0,2
nm0075528,Greg Berlanti,7.0,2
nm0001281,Bobcat Goldthwait,7.0,2
nm0726638,Patricia Riggen,7.0,2
nm1324710,Martin Zandvliet,7.0,2
nm0005738,Byron Haskin,7.0,1
nm0367547,Herk Harvey,7.0,1
nm0688585,Jean-Marie Poiré,7.0,1
nm0750857,Josef Rusnak,7.0,1
nm0000091,Gérard Pirès,7.0,1
nm0575523,Julio Medem,7.0,1
nm0418982,Julian Jarrold,7.0,1
nm0009942,Shane Acker,7.0,1
nm0791248,Adrienne Shelly,7.0,1
nm0759270,Pierre Salvadori,7.0,1
nm0158966,Lisa Cholodenko,7.0,1
nm0140617,Gareth Carrivick,7.0,1
nm0620576,Bharat Nalluri,7.0,1
nm4415009,Pawan Kripalani,7.0,1
nm0610960,Kornél Mundruczó,7.0,1
nm0222426,Ajay Devgn,7.0,1
nm4093647,Anup Bhandari,7.0,1
nm0345615,Christian Gudegast,7.0,1
nm1199107,Zach Cregger,7.0,1
nm1742427,Michaël R. Roskam,7.0,1
nm0946875,Herman Yau,7.0,1
nm1926903,Eric Appel,7.0,1
nm1557594,Dan Fogelman,7.0,1
nm0465551,Martin Koolhoven,7.0,1
nm0136021,Leos Carax,7.0,1
nm0379773,Felix Herngren,7.0,1
nm1887138,Mohit Suri,7.0,1
nm0493257,Josh Lawson,7.0,1
nm0154385,Philippe de Chauveron,7.0,1
nm0602104,Jocelyn Moorhouse,7.0,1
nm0000128,Russell Crowe,7.0,1
nm0426287,Susan Johnson,7.0,1
nm0302780,Florian Gallenberger,7.0,1
nm1177494,David Wnendt,7.0,1
nm4819186,Tinu Suresh Desai,7.0,1
nm4389150,Ali Abbasi,7.0,1
nm0773689,Aaron Schneider,7.0,1
nm1738966,Kivanç Baruönü,7.0,1
nm7626019,Domee Shi,7.0,1
nm2008067,Galder Gaztelu-Urrutia,7.0,1
nm0715371,Dan Reed,7.0,1
nm0001565,Mike Newell,6.99,7
nm3109770,Neeraj Pandey,6.99,4
nm0138927,Niki Caro,6.98,5
nm0387706,Gregory Hoblit,6.97,6
nm0570912,Adam McKay,6.96,8
nm0863387,George Tillman Jr.,6.96,5
nm0002031,Michael Curtiz,6.96,4
nm0269463,Jon Favreau,6.95,8
nm0004303,Gavin Hood,6.95,6
nm0654830,François Ozon,6.95,4
nm0345174,Luca Guadagnino,6.95,4
nm0007182,Alex Cox,6.95,2
nm0001206,Abel Ferrara,6.95,2
nm0610496,Allan Moyle,6.95,2
nm0003088,Chris Noonan,6.95,2
nm0001093,John Dahl,6.95,2
nm0240627,Troy Duffy,6.95,2
nm0738796,Mark Romanek,6.95,2
nm0000169,Tommy Lee Jones,6.95,2
nm1314116,Saul Dibb,6.95,2
nm0249291,Joel Edgerton,6.95,2
nm0000600,Sam Raimi,6.94,14
nm0000142,Clint Eastwood,6.93,33
nm0000517,Terrence Malick,6.93,8
nm0083348,Brad Bird,6.93,6
nm0327273,Michel Gondry,6.93,4
nm0000583,Wolfgang Petersen,6.92,9
nm0533284,David Mackenzie,6.92,5
nm0000165,Ron Howard,6.91,23
nm0000108,Luc Besson,6.91,11
nm0000602,Robert Redford,6.91,8
nm0359387,John Lee Hancock,6.91,7
nm0000231,Oliver Stone,6.9,15
nm0001243,William Friedkin,6.9,7
nm1349376,Francis Lawrence,6.9,7
nm0000230,Sylvester Stallone,6.9,6
nm0357891,Guy Hamilton,6.9,4
nm1191481,Leigh Whannell,6.9,3
nm1883257,Pablo Larraín,6.9,3
nm0149491,Justin Chadwick,6.9,2
nm1767218,Lee Toland Krieger,6.9,2
nm1547964,Richard Ayoade,6.9,2
nm0003021,Chris McKay,6.9,2
nm0000791,Jack Arnold,6.9,1
nm0935382,Michael Winner,6.9,1
nm0383359,Colin Higgins,6.9,1
nm0001692,Ken Russell,6.9,1
nm0330619,Steve Gordon,6.9,1
nm0204471,Desmond Davis,6.9,1
nm0000850,Clive Barker,6.9,1
nm0883609,Luis Valdez,6.9,1
nm0505409,Jay Levey,6.9,1
nm0541677,Robert Mandel,6.9,1
nm0050597,Carroll Ballard,6.9,1
nm0640964,Peter O'Fallon,6.9,1
nm0911910,Vincent Ward,6.9,1
nm0000944,Antonia Bird,6.9,1
nm0580729,E. Elias Merhige,6.9,1
nm0787601,Steven Shainberg,6.9,1
nm0866132,Michael Tollin,6.9,1
nm0007158,Niels Mueller,6.9,1
nm0689343,Jon Poll,6.9,1
nm0329650,Nicholaus Goossen,6.9,1
nm0294379,Juan Carlos Fresnadillo,6.9,1
nm0523276,Declan Lowney,6.9,1
nm3968825,Michael Sarnoski,6.9,1
nm5932553,Vinil Mathew,6.9,1
nm0000106,Drew Barrymore,6.9,1
nm1127632,Spencer Susser,6.9,1
nm0834902,Robert Stromberg,6.9,1
nm1067779,Brin Hill,6.9,1
nm3462290,Michael Matthews,6.9,1
nm2831530,Abhishek Varman,6.9,1
nm1480916,Bora Dagtekin,6.9,1
nm0972104,Peter Sattler,6.9,1
nm0310673,Sarah Gavron,6.9,1
nm3304468,John Maclean,6.9,1
nm1834891,Maneesh Sharma,6.9,1
nm1108556,Boots Riley,6.9,1
nm0086301,Macon Blair,6.9,1
nm2178458,Janus Metz,6.9,1
nm1226108,Alice Wu,6.9,1
nm0811583,Zack Snyder,6.89,11
nm0000965,Danny Boyle,6.88,13
nm0893659,Gore Verbinski,6.88,10
nm0000682,Paul Verhoeven,6.88,8
nm0081540,Susanne Bier,6.88,5
nm0637615,Gaspar Noé,6.88,4
nm0001681,George A. Romero,6.87,6
nm0449984,Irvin Kershner,6.87,3
nm0103785,Zach Braff,6.87,3
nm0179221,Anton Corbijn,6.87,3
nm0307497,Alex Garland,6.87,3
nm2284484,Gareth Edwards,6.87,3
nm0308520,Matteo Garrone,6.87,3
nm0000361,Brian De Palma,6.86,14
nm0510731,Doug Liman,6.86,10
nm1490123,James Wan,6.86,10
nm0001081,Cameron Crowe,6.86,8
nm1512910,Duncan Jones,6.85,4
nm1170855,J.C. Chandor,6.85,4
nm0002137,Arthur Hiller,6.85,2
nm0732430,Bruce Robinson,6.85,2
nm0000438,Ed Harris,6.85,2
nm0871428,Pete Travis,6.85,2
nm2066439,Gorô Miyazaki,6.85,2
nm0752328,Stefan Ruzowitzky,6.85,2
nm3611349,Jordan Vogt-Roberts,6.85,2
nm1312919,Yann Demange,6.85,2
nm0792263,Taylor Sheridan,6.85,2
nm4099092,Trey Edward Shults,6.85,2
nm8083973,Cory Finley,6.85,2
nm0169806,Taika Waititi,6.84,7
nm0001716,Tony Scott,6.83,15
nm0001403,Neil Jordan,6.83,6
nm0871860,Jeff Tremaine,6.83,6
nm0712753,Billy Ray,6.83,3
nm0697656,Gina Prince-Bythewood,6.83,3
nm0920274,John Wells,6.83,3
nm0000985,James L. Brooks,6.82,5
nm0724938,Jean-François Richet,6.82,5
nm0000318,Tim Burton,6.81,19
nm0942504,Joe Wright,6.81,8
nm0382956,Scott Hicks,6.8,4
nm0000948,Shane Black,6.8,4
nm0153078,Larry Charles,6.8,4
nm0609549,Greg Mottola,6.8,4
nm0133326,Sebastián Lelio,6.8,3
nm0573796,John McNaughton,6.8,2
nm0671210,Mark Pellington,6.8,2
nm0002339,Allen Coulter,6.8,2
nm2439708,Shakun Batra,6.8,2
nm4469445,Julia Ducournau,6.8,2
nm2125482,Chloé Zhao,6.8,2
nm0145336,William Castle,6.8,1
nm0002086,Lucio Fulci,6.8,1
nm0001887,Paul Brickman,6.8,1
nm0036582,Newt Arnold,6.8,1
nm0711114,Steve Rash,6.8,1
nm0368906,Bob Hathcock,6.8,1
nm0767741,Tom Savini,6.8,1
nm0942408,Geoffrey Wright,6.8,1
nm0322128,Lesli Linka Glatter,6.8,1
nm0109165,Matthew Bright,6.8,1
nm0622695,Gregory Nava,6.8,1
nm0726472,Adam Rifkin,6.8,1
nm0269502,John Fawcett,6.8,1
nm0528381,Liam Lynch,6.8,1
nm0522393,Nick Love,6.8,1
nm0002159,Alejandro Agresti,6.8,1
nm1547859,Kyle Patrick Alvarez,6.8,1
nm0262635,Chris Evans,6.8,1
nm0425894,Niall Johnson,6.8,1
nm0420422,Christine Jeffs,6.8,1
nm0315065,Sacha Gervasi,6.8,1
nm0303032,George Gallo,6.8,1
nm1699934,Sean Durkin,6.8,1
nm2574897,Craig Johnson,6.8,1
nm1302591,Michael Sucsy,6.8,1
nm2692858,Fernando González Molina,6.8,1
nm2610231,Zal Batmanglij,6.8,1
nm1933648,Dome Karukoski,6.8,1
nm2105585,Tobias Lindholm,6.8,1
nm0175352,Robert Connolly,6.8,1
nm0637497,Marti Noxon,6.8,1
nm2381441,Francis Annan,6.8,1
nm0200452,Paul Dano,6.8,1
nm1726691,Adam Randall,6.8,1
nm2160297,Matt Palmer,6.8,1
nm0451274,Nahnatchka Khan,6.8,1
nm2275000,Christian Schwochow,6.8,1
nm2010048,Pierre Perifel,6.8,1
nm0001379,John Huston,6.79,10
nm0006960,John Madden,6.79,8
nm0000876,Noah Baumbach,6.79,8
nm0721817,Kevin Reynolds,6.78,5
nm0006846,Ric Roman Waugh,6.78,5
nm0000382,Atom Egoyan,6.78,4
nm0000247,John Woo,6.77,9
nm0318916,Craig Gillespie,6.77,7
nm2209781,Ayan Mukerji,6.77,3
nm0000343,David Cronenberg,6.76,16
nm0001639,Alex Proyas,6.76,5
nm0002120,Lasse Hallström,6.75,13
nm0680846,Todd Phillips,6.75,10
nm0001410,Lawrence Kasdan,6.75,6
nm0178376,Scott Cooper,6.75,6
nm0796923,Don Siegel,6.75,5
nm0000915,Bruce Beresford,6.75,4
nm0945026,Boaz Yakin,6.75,4
nm0936482,Len Wiseman,6.75,4
nm2391575,David Michôd,6.75,4
nm0946811,Peter Yates,6.75,2
nm0005348,Carl Reiner,6.75,2
nm0005563,Irwin Winkler,6.75,2
nm0405336,Nicholas Hytner,6.75,2
nm0304521,Christophe Gans,6.75,2
nm0641373,Tommy O'Haver,6.75,2
nm0170719,Nigel Cole,6.75,2
nm0291082,Scott Frank,6.75,2
nm1414582,Ben Palmer,6.75,2
nm0001752,Steven Soderbergh,6.74,23
nm0000080,Orson Welles,6.73,5
nm0692872,Ted Post,6.73,3
nm0000389,Emilio Estevez,6.73,3
nm0585011,Roger Michell,6.73,3
nm0179697,Ericson Core,6.73,3
nm0200005,Lee Daniels,6.73,3
nm0938045,George C. Wolfe,6.73,3
nm1837748,Josh Boone,6.73,3
nm0795290,Michael Showalter,6.73,3
nm0336620,F. Gary Gray,6.72,9
nm0603628,Pierre Morel,6.72,5
nm0190859,Alfonso Cuarón,6.71,8
nm0583600,Nancy Meyers,6.7,6
nm0336695,James Gray,6.7,5
nm1108007,David Lowery,6.7,4
nm0347086,John Guillermin,6.7,3
nm0420941,Patty Jenkins,6.7,3
nm0788234,John Patrick Shanley,6.7,2
nm0146341,Peter Cattaneo,6.7,2
nm0625458,Jessie Nelson,6.7,2
nm0429964,Gregor Jordan,6.7,2
nm0975026,Nicole Kassell,6.7,2
nm0001710,David Schwimmer,6.7,2
nm0373282,Peter Hedges,6.7,2
nm1102140,Josh Radnor,6.7,2
nm0402597,Peter R. Hunt,6.7,1
nm0513974,Steven Lisberger,6.7,1
nm0004555,Walter Murch,6.7,1
nm0104193,Marco Brambilla,6.7,1
nm0505230,Jeremy Leven,6.7,1
nm0867262,Stanley Tong,6.7,1
nm0000778,Alfonso Arau,6.7,1
nm0952360,Jerry Zaks,6.7,1
nm0044803,Jamie Babbit,6.7,1
nm0931285,Matt Williams,6.7,1
nm0640466,Pat O'Connor,6.7,1
nm0920108,Audrey Wells,6.7,1
nm0200380,Brian Dannelly,6.7,1
nm0708870,Ben Ramsey,6.7,1
nm1301035,Rob McKittrick,6.7,1
nm0192933,Andrew Currie,6.7,1
nm0657372,Mark Palansky,6.7,1
nm0497528,Jieho Lee,6.7,1
nm0000365,Julie Delpy,6.7,1
nm0842523,Robin Swicord,6.7,1
nm0824220,Peter Stebbings,6.7,1
nm1204442,Nicholas Tomnay,6.7,1
nm6470216,Mimi Cave,6.7,1
nm0542498,Mahesh Manjrekar,6.7,1
nm0191712,R.J. Cutler,6.7,1
nm0602616,Guillem Morales,6.7,1
nm3621304,John Patton Ford,6.7,1
nm0626706,Daniel Nettheim,6.7,1
nm0812307,Peter Sohn,6.7,1
nm1128572,Lake Bell,6.7,1
nm0506290,Kristian Levring,6.7,1
nm0859432,Rob Thomas,6.7,1
nm3521871,Gillian Robespierre,6.7,1
nm0270263,Brian Fee,6.7,1
nm0501435,Kasi Lemmons,6.7,1
nm1037221,Sergio G. Sánchez,6.7,1
nm3078140,Grant Sputore,6.7,1
nm0688132,Amy Poehler,6.7,1
nm9451696,Andrew Patterson,6.7,1
nm7214191,Wayne Roberts,6.7,1
nm1969144,Gene Stupnitsky,6.7,1
nm3819217,Rose Glass,6.7,1
nm1092087,Sam Hargrave,6.7,1
nm0350454,Maggie Gyllenhaal,6.7,1
nm2127315,Autumn de Wilde,6.7,1
nm0868219,Guillermo del Toro,6.69,12
nm0000916,Peter Berg,6.68,11
nm0629272,Andrew Niccol,6.68,6
nm0527109,Rod Lurie,6.68,4
nm0001149,Richard Donner,6.67,15
nm0298807,Antoine Fuqua,6.67,13
nm0138620,Joe Carnahan,6.67,7
nm0281508,Ruben Fleischer,6.67,6
nm0496746,J. Lee Thompson,6.67,4
nm0318150,Lewis Gilbert,6.67,3
nm0000559,Leonard Nimoy,6.67,3
nm0950226,Ben Younger,6.67,3
nm0019247,Tomas Alfredson,6.67,3
nm0615592,Andy Muschietti,6.67,3
nm0319659,Dan Gilroy,6.67,3
nm0043742,David Ayer,6.66,7
nm0000110,Kenneth Branagh,6.65,13
nm0716347,Nicolas Winding Refn,6.65,6
nm0908824,Randall Wallace,6.65,4
nm0006476,Paul McGuigan,6.65,4
nm0242271,Duwayne Dunham,6.65,2
nm0005303,Kimberly Peirce,6.65,2
nm0536632,Sharon Maguire,6.65,2
nm0591994,Lexi Alexander,6.65,2
nm1503403,Shane Carruth,6.65,2
nm1443023,Nacho Vigalondo,6.65,2
nm0374048,Matthijs van Heijningen Jr.,6.65,2
nm2581581,Courtney Hunt,6.65,2
nm0813164,Peter Sollett,6.65,2
nm2378914,Advait Chandan,6.65,2
nm0304541,Dennis Gansel,6.65,2
nm1312575,Olivia Wilde,6.65,2
nm0102873,Harry Bradbeer,6.65,2
nm0596407,Hans Petter Moland,6.65,2
nm1379002,David Robert Mitchell,6.65,2
nm0002044,Roger Donaldson,6.64,11
nm0001219,Gary Fleder,6.64,5
nm0192845,John Curran,6.63,3
nm0006904,Tony Gilroy,6.63,3
nm0850733,Genndy Tartakovsky,6.63,3
nm1148550,Ava DuVernay,6.63,3
nm1026778,Brad Furman,6.63,3
nm0004217,André Øvredal,6.63,3
nm0291205,David Frankel,6.62,5
nm0662530,Ol Parker,6.62,4
nm0574625,James McTeigue,6.62,4
nm0000118,John Carpenter,6.61,18
nm0082450,Paul Feig,6.61,7
nm0005366,Jay Roach,6.6,10
nm0942367,Edgar Wright,6.6,7
nm0220600,Scott Derrickson,6.6,6
nm0001361,Tobe Hooper,6.6,4
nm0181741,Don Coscarelli,6.6,3
nm0933505,Hugh Wilson,6.6,3
nm0322242,Jonathan Glazer,6.6,3
nm2497546,David F. Sandberg,6.6,3
nm1025280,Anubhav Sinha,6.6,3
nm0587518,John Milius,6.6,2
nm0001570,Edward Norton,6.6,2
nm0440459,Jonathan Kasdan,6.6,2
nm0764601,Miguel Sapochnik,6.6,2
nm0228542,Christian Ditter,6.6,2
nm0788171,S. Shankar,6.6,2
nm0181579,Rodrigo Cortés,6.6,2
nm0836715,Philipp Stölzl,6.6,2
nm1500577,Jake Schreier,6.6,2
nm1660595,Charlie McDowell,6.6,2
nm0874320,Douglas Trumbull,6.6,1
nm0236769,Stan Dragoti,6.6,1
nm0437596,Jeff Kanew,6.6,1
nm0265363,Peter Faiman,6.6,1
nm0730422,Matthew Robbins,6.6,1
nm0001274,Paul Michael Glaser,6.6,1
nm0780117,George Scribner,6.6,1
nm0005522,Mario Van Peebles,6.6,1
nm0141222,David Carson,6.6,1
nm0569790,Douglas McGrath,6.6,1
nm0417794,Michael Patrick Jann,6.6,1
nm0149260,Alain Chabat,6.6,1
nm0959034,Joel Zwick,6.6,1
nm0619599,Chris Nahon,6.6,1
nm0000812,Roger Avary,6.6,1
nm1031246,Lucky McKee,6.6,1
nm0295107,Liz Friedlander,6.6,1
nm0796864,Marcos Siega,6.6,1
nm0205157,Michael Davis,6.6,1
nm1204568,David Von Ancken,6.6,1
nm1275670,Jeremy Garelick,6.6,1
nm5029795,Jeymes Samuel,6.6,1
nm0006939,Richard Berry,6.6,1
nm0506094,Sam Levinson,6.6,1
nm0938471,Jason Woliner,6.6,1
nm2015237,Sean Byrne,6.6,1
nm0180428,Joe Cornish,6.6,1
nm6475689,Parker Finn,6.6,1
nm1300606,Asger Leth,6.6,1
nm1906430,Nicholas Jarecki,6.6,1
nm0224331,Andrea Di Stefano,6.6,1
nm1804518,Donovan Marsh,6.6,1
nm0000867,Jason Bateman,6.6,1
nm1194320,Rahul Dholakia,6.6,1
nm1142073,Colm McCarthy,6.6,1
nm1356268,Gideon Raff,6.6,1
nm0818485,Matt Spicer,6.6,1
nm2720681,Riley Stearns,6.6,1
nm0245112,Clea DuVall,6.6,1
nm1047532,Brian Kirk,6.6,1
nm0001060,Chris Columbus,6.59,14
nm0002045,Stanley Donen,6.59,4
nm0000233,Quentin Tarantino,6.58,13
nm0551128,Rob Marshall,6.58,6
nm0393799,Tom Hooper,6.58,5
nm0440913,Mathieu Kassovitz,6.58,4
nm0001068,Sofia Coppola,6.57,7
nm0231596,Andrew Dominik,6.57,4
nm0002340,Stuart Gordon,6.57,3
nm1793079,Fede Alvarez,6.57,3
nm1099918,Jeremy Saulnier,6.57,3
nm0637518,Phillip Noyce,6.56,10
nm0715636,Peyton Reed,6.56,7
nm0322515,John Glen,6.56,5
nm0878638,David Twohy,6.56,5
nm0000436,Curtis Hanson,6.55,7
nm1093039,Mike Flanagan,6.55,6
nm0550881,Frank Marshall,6.55,4
nm0812200,Iain Softley,6.55,4
nm0609236,Jonathan Mostow,6.55,4
nm0624102,Hal Needham,6.55,2
nm0956052,Howard Zieff,6.55,2
nm0227540,Mark Dindal,6.55,2
nm3230448,Tom Gormican,6.55,2
nm0191147,Michael Cuesta,6.55,2
nm1064048,Nikolaj Arcel,6.55,2
nm0000149,Jodie Foster,6.55,2
nm1033517,Ariel Vromen,6.55,2
nm1119645,Lynn Shelton,6.55,2
nm0601337,Jason Moore,6.55,2
nm2171633,Baran bo Odar,6.55,2
nm3734458,Rupert Goold,6.55,2
nm2067421,Gerard Johnstone,6.55,2
nm3613566,Sang-ho Yeon,6.55,2
nm0003620,Kevin Smith,6.54,12
nm0000601,Harold Ramis,6.54,8
nm0428600,Kirk Jones,6.54,5
nm2482088,Tommy Wirkola,6.54,5
nm0405632,Mikael Håfström,6.53,6
nm0389591,P.J. Hogan,6.53,4
nm0236226,Michael Dowse,6.53,4
nm0001707,Paul Schrader,6.53,3
nm0000816,Jon Avnet,6.53,3
nm0001282,Tony Goldwyn,6.53,3
nm1012501,Rupert Wyatt,6.53,3
nm1242054,James Ponsoldt,6.53,3
nm0001328,Howard Hawks,6.52,10
nm0000976,Martin Brest,6.52,5
nm0661751,Dean Parisot,6.52,4
nm0000824,John Badham,6.51,7
nm0026442,Brad Anderson,6.5,7
nm0229694,David Dobkin,6.5,6
nm0510912,Justin Lin,6.5,6
nm0001460,Mimi Leder,6.5,5
nm0108132,Craig Brewer,6.5,5
nm0853238,Tate Taylor,6.5,5
nm1119880,Colin Trevorrow,6.5,4
nm0790715,Penelope Spheeris,6.5,3
nm0267309,James Fargo,6.5,2
nm0844358,Jeannot Szwarc,6.5,2
nm0000886,Warren Beatty,6.5,2
nm0000158,Tom Hanks,6.5,2
nm0000519,David Mamet,6.5,2
nm0959774,Jonas Åkerlund,6.5,2
nm0916424,Peter Webber,6.5,2
nm0154312,Pascal Chaumeil,6.5,2
nm0054954,Mike Barker,6.5,2
nm0344496,Adrian Grunberg,6.5,2
nm1733778,Jeff Fowler,6.5,2
nm0371955,Stuart Hazeldine,6.5,2
nm1032521,Lorene Scafaria,6.5,2
nm0312173,David Gelb,6.5,2
nm1228976,Scott Speer,6.5,2
nm0795153,Cate Shortland,6.5,2
nm0554169,Leslie H. Martinson,6.5,1
nm0002207,Richard Franklin,6.5,1
nm0005116,Mary Lambert,6.5,1
nm0087861,William Peter Blatty,6.5,1
nm0472386,Bill Kroyer,6.5,1
nm0808807,John N. Smith,6.5,1
nm0054077,Paris Barclay,6.5,1
nm0701592,Joe Pytka,6.5,1
nm0809321,Mel Smith,6.5,1
nm1703612,Joby Harold,6.5,1
nm0802807,Florent-Emilio Siri,6.5,1
nm1189376,Sanjay Gadhvi,6.5,1
nm0082300,Tony Bill,6.5,1
nm1381100,Kyle Newman,6.5,1
nm0933471,Gregory Wilson,6.5,1
nm0851281,Patrick Tatopoulos,6.5,1
nm1531934,Dennis Iliadis,6.5,1
nm0797455,Floria Sigismondi,6.5,1
nm2449331,Vamshi Paidipally,6.5,1
nm0567680,Bruce McDonald,6.5,1
nm0018133,Patrick Alessandrin,6.5,1
nm3699074,Rob Savage,6.5,1
nm3644812,Sung-hee Jo,6.5,1
nm1127653,Massy Tadjedin,6.5,1
nm3437361,Tom George,6.5,1
nm3350420,Nicolai Fuglsig,6.5,1
nm0001631,Sarah Polley,6.5,1
nm1026883,Gavin Wiesen,6.5,1
nm0254120,Doug Ellin,6.5,1
nm1147588,Faruk Aksoy,6.5,1
nm0330687,Joseph Gordon-Levitt,6.5,1
nm1783713,Bradley King,6.5,1
nm1762961,Jeff Tomsic,6.5,1
nm0441839,Ross Katz,6.5,1
nm1417640,Brett Haley,6.5,1
nm2577199,Chris Peckover,6.5,1
nm2495732,Daniel Ragussis,6.5,1
nm0768957,Claire Scanlon,6.5,1
nm0188722,Brandon Cronenberg,6.5,1
nm0304091,Nisha Ganatra,6.5,1
nm1892658,Duncan Skiles,6.5,1
nm0181903,Panos Cosmatos,6.5,1
nm3676311,Remi Weekes,6.5,1
nm0757318,Kitao Sakurai,6.5,1
nm0001112,Andrew Davis,6.49,8
nm0000416,Terry Gilliam,6.48,12
nm0466349,Baltasar Kormákur,6.48,5
nm0174374,Bill Condon,6.47,9
nm0030735,Nimród Antal,6.47,4
nm0276169,Tom Holland,6.47,3
nm0000829,Stuart Baird,6.47,3
nm0814716,Ömer Faruk Sorak,6.47,3
nm0617042,Mark Mylod,6.47,3
nm1220140,James Watkins,6.47,3
nm0649117,Niels Arden Oplev,6.47,3
nm0851930,Alan Taylor,6.47,3
nm0132709,Martin Campbell,6.46,11
nm0000123,George Clooney,6.46,8
nm0000362,Danny DeVito,6.46,5
nm0802248,Tarsem Singh,6.46,5
nm0005509,Jon Turteltaub,6.45,10
nm0576987,Fernando Meirelles,6.45,4
nm0791672,Richard Shepard,6.45,4
nm0090386,James Bobin,6.45,4
nm0399737,Reginald Hudlin,6.45,2
nm0281598,Andrew Fleming,6.45,2
nm0635759,Stephen Norrington,6.45,2
nm0751221,Jay Russell,6.45,2
nm0023355,Christian Alvart,6.45,2
nm1630273,Phyllida Lloyd,6.45,2
nm0284774,Anne Fontaine,6.45,2
nm1893457,Siddharth Anand,6.45,2
nm2035118,Babak Anvari,6.45,2
nm0001469,Barry Levinson,6.44,14
nm0848414,Lee Tamahori,6.43,7
nm0000691,John Waters,6.43,3
nm0620378,Hideo Nakata,6.43,3
nm1052791,Pascal Laugier,6.43,3
nm0585344,Jim Mickle,6.43,3
nm0532235,Seth MacFarlane,6.43,3
nm1226871,Wes Ball,6.43,3
nm0000881,Michael Bay,6.42,15
nm0000814,John G. Avildsen,6.42,5
nm0462895,David Koepp,6.42,5
nm1098493,Rawson Marshall Thurber,6.42,5
nm1720541,David Slade,6.42,4
nm1429471,Jaume Collet-Serra,6.41,10
nm0001490,Adrian Lyne,6.41,8
nm0001756,Barry Sonnenfeld,6.41,8
nm0001708,Joel Schumacher,6.4,15
nm0222043,Howard Deutch,6.4,7
nm2399862,Aanand L. Rai,6.4,5
nm0759207,Victor Salva,6.4,4
nm0911061,Wayne Wang,6.4,3
nm0432627,Gil Junger,6.4,3
nm0300866,Stephen Gaghan,6.4,3
nm0006916,Michael Ritchie,6.4,2
nm0770961,Fred Schepisi,6.4,2
nm0225416,Ernest R. Dickerson,6.4,2
nm0002083,Carl Franklin,6.4,2
nm0573732,Sean McNamara,6.4,2
nm0392237,Nicole Holofcener,6.4,2
nm1356588,Stefano Sollima,6.4,2
nm1847738,Ari Sandel,6.4,2
nm0755963,Boris Sagal,6.4,1
nm0192446,Sean S. Cunningham,6.4,1
nm0003733,Daniel Attias,6.4,1
nm0709752,Tony Randel,6.4,1
nm0283500,John Flynn,6.4,1
nm0393591,Harry Hook,6.4,1
nm0772095,Thomas Schlamme,6.4,1
nm0322865,Arne Glimcher,6.4,1
nm0927074,Gregory Widen,6.4,1
nm0756114,Bob Saget,6.4,1
nm0736930,J.B. Rogers,6.4,1
nm1032759,Barry Skolnick,6.4,1
nm0317638,Tony Giglio,6.4,1
nm1868746,Simon Brand,6.4,1
nm0070436,Steve Bendelack,6.4,1
nm0004332,Robert B. Weide,6.4,1
nm1637768,Jim Field Smith,6.4,1
nm0771228,Paul T. Scheuring,6.4,1
nm0163988,Clark Gregg,6.4,1
nm0031078,Steve Antin,6.4,1
nm0625789,Tim Blake Nelson,6.4,1
nm0436780,Makoto Kamiya,6.4,1
nm3325960,Egor Abramenko,6.4,1
nm0875793,Anand Tucker,6.4,1
nm4139472,Afonso Poyart,6.4,1
nm0777788,Matthias Schweighöfer,6.4,1
nm1045865,John Krokidas,6.4,1
nm1834213,Gary McKendry,6.4,1
nm3656297,Dan Rush,6.4,1
nm0673400,Jesse Peretz,6.4,1
nm1960322,Nick Murphy,6.4,1
nm1735543,Ry Russo-Young,6.4,1
nm0089742,Stuart Blumberg,6.4,1
nm1960428,Scott Walker,6.4,1
nm0179542,Sebastián Cordero,6.4,1
nm0009463,Hany Abu-Assad,6.4,1
nm2543774,Emilis Velyvis,6.4,1
nm0001674,Chris Rock,6.4,1
nm0001775,Whit Stillman,6.4,1
nm0515005,Sam Liu,6.4,1
nm0267287,Coralie Fargeat,6.4,1
nm0001353,Walter Hill,6.39,8
nm0001774,Ben Stiller,6.38,6
nm0500610,David Leitch,6.38,5
nm0005421,Ron Shelton,6.38,4
nm0824882,Burr Steers,6.38,4
nm0001723,Tom Shadyac,6.37,7
nm1349522,Jonathan Levine,6.37,7
nm0378893,Stephen Herek,6.36,9
nm0031976,Judd Apatow,6.36,7
nm0751080,Chuck Russell,6.36,5
nm1164861,Seth Gordon,6.36,5
nm0001814,Gus Van Sant,6.35,12
nm0814085,Stephen Sommers,6.35,6
nm0504495,Mark L. Lester,6.35,2
nm0004838,Martha Coolidge,6.35,2
nm0091076,Sergei Bodrov,6.35,2
nm1294036,Nima Nourizadeh,6.35,2
nm2674307,Patrick Brice,6.35,2
nm0001532,John McTiernan,6.34,9
nm0001994,Michael Caton-Jones,6.33,7
nm1890845,Sean Anders,6.33,7
nm1247462,Christopher Smith,6.33,4
nm0650905,Kenny Ortega,6.33,3
nm0141961,Thomas Carter,6.33,3
nm0398185,Peter Howitt,6.33,3
nm0378144,Jonathan Hensleigh,6.33,3
nm0005436,John Singleton,6.32,5
nm0000568,Frank Oz,6.31,11
nm0142286,D.J. Caruso,6.3,7
nm0323239,Will Gluck,6.3,5
nm0001355,Michael Hoffman,6.3,4
nm0572562,Greg McLean,6.3,4
nm4074404,Leigh Janiak,6.3,4
nm0001915,Emile Ardolino,6.3,3
nm0911486,David S. Ward,6.3,3
nm0906476,David Wain,6.3,3
nm0446819,Richard Kelly,6.3,3
nm1002424,Michael Dougherty,6.3,3
nm0957505,Craig Zobel,6.3,3
nm0452319,Beeban Kidron,6.3,2
nm2035886,Drake Doremus,6.3,2
nm1659741,David Soren,6.3,2
nm0411477,Neal Israel,6.3,1
nm0887174,Buddy Van Horn,6.3,1
nm0834893,Susan Stroman,6.3,1
nm0070566,Jessica Bendinger,6.3,1
nm0415514,Rumi Jaffery,6.3,1
nm4252203,Il Cho,6.3,1
nm2076099,Hernán Jiménez,6.3,1
nm2305431,Oren Peli,6.3,1
nm0093934,Fredrik Bond,6.3,1
nm3013234,Chloe Okuno,6.3,1
nm0294505,Bart Freundlich,6.3,1
nm0123379,Nanette Burstein,6.3,1
nm3066492,Jennifer Kaytin Robinson,6.3,1
nm0812626,Juan Solanas,6.3,1
nm6474441,H. Vinoth,6.3,1
nm0423626,Rowan Joffe,6.3,1
nm0887452,Erik Van Looy,6.3,1
nm2161247,Paco Cabezas,6.3,1
nm2104063,Eric Heisserer,6.3,1
nm0558873,Nic Mathieu,6.3,1
nm0629658,Max Nichols,6.3,1
nm1038286,Jonathan Sobol,6.3,1
nm6066050,Josie Rourke,6.3,1
nm6414496,David E. Breaux,6.3,1
nm4907810,Stella Meghie,6.3,1
nm0254660,Tony Elliott,6.3,1
nm2573530,Patrick Vollrath,6.3,1
nm3950520,Jason Howden,6.3,1
nm0717603,Halina Reijn,6.3,1
nm5762091,Valdimar Jóhannsson,6.3,1
nm0551076,Neil Marshall,6.28,5
nm0718645,Ivan Reitman,6.27,12
nm0855035,Andy Tennant,6.27,7
nm0950553,Ronny Yu,6.27,4
nm0235719,John Erick Dowdle,6.27,4
nm0080120,Thomas Bezucha,6.27,3
nm0000484,John Landis,6.25,11
nm0000750,Jon Amiel,6.25,4
nm0775447,Barbet Schroeder,6.25,2
nm0592400,David Mirkin,6.25,2
nm0500444,Danny Leiner,6.25,2
nm0662529,Oliver Parker,6.25,2
nm0660707,Gilles Paquet-Brenner,6.25,2
nm0781842,Peter Segal,6.24,10
nm0014960,Alexandre Aja,6.24,7
nm0506613,Shawn Levy,6.23,13
nm0000887,Harold Becker,6.23,4
nm0797869,Brad Silberling,6.23,4
nm0400850,Patrick Hughes,6.23,4
nm0614276,Geoff Murphy,6.23,3
nm0796124,Charles Shyer,6.23,3
nm1012385,Roar Uthaug,6.23,3
nm1140275,Steven Knight,6.23,3
nm1170339,Julius Avery,6.23,3
nm0440458,Jake Kasdan,6.22,6
nm0037708,Miguel Arteta,6.22,5
nm0067457,Timur Bekmambetov,6.22,5
nm0644203,Steve Oedekerk,6.22,4
nm1174251,Daniel Espinosa,6.22,4
nm0002653,Joe Johnston,6.2,9
nm0001188,Nora Ephron,6.2,5
nm0459170,Randal Kleiser,6.2,4
nm0007134,Farah Khan,6.2,3
nm0833889,Todd Strauss-Schulson,6.2,3
nm0380705,Rowdy Herrington,6.2,2
nm1996918,Dito Montiel,6.2,2
nm0407067,Álex de la Iglesia,6.2,2
nm1729303,Marcus Dunstan,6.2,2
nm0097517,Derrick Borte,6.2,2
nm2782185,Rupert Sanders,6.2,2
nm0476064,Alex Kurtzman,6.2,2
nm0520749,Robert Lorenz,6.2,2
nm0785227,Andy Serkis,6.2,2
nm1020835,Joe Penna,6.2,2
nm0000428,D.W. Griffith,6.2,1
nm0000860,Paul Bartel,6.2,1
nm0000835,Ralph Bakshi,6.2,1
nm0385349,Robert Hiltzik,6.2,1
nm0725379,W.D. Richter,6.2,1
nm0158014,Stephen Chiodo,6.2,1
nm0935644,Stan Winston,6.2,1
nm0704164,Gene Quintano,6.2,1
nm0381699,Fraser C. Heston,6.2,1
nm0839660,Stephen Surjik,6.2,1
nm0425957,Patrick Read Johnson,6.2,1
nm0005033,Sammo Kam-Bo Hung,6.2,1
nm0287198,John Fortenberry,6.2,1
nm0281869,Rodman Flender,6.2,1
nm0001502,Luis Mandoki,6.2,1
nm0106230,Kevin Bray,6.2,1
nm1461380,Laurence Dunmore,6.2,1
nm1083489,Kevin Munroe,6.2,1
nm1590998,Zach Helm,6.2,1
nm0564586,Howard McCain,6.2,1
nm0403541,Nick Hurran,6.2,1
nm0041161,Philip G. Atwell,6.2,1
nm0041864,John August,6.2,1
nm2411495,Gary Shore,6.2,1
nm1065402,Sanaa Hamri,6.2,1
nm1857002,Sngmoo Lee,6.2,1
nm1184258,William Monahan,6.2,1
nm0381416,Grant Heslov,6.2,1
nm1729171,Noam Murro,6.2,1
nm0727754,Carl Rinsch,6.2,1
nm1402202,Julian Gilbey,6.2,1
nm3508781,Abhinav Kashyap,6.2,1
nm0024925,Hossein Amini,6.2,1
nm0002892,Wally Pfister,6.2,1
nm0275277,Shana Feste,6.2,1
nm0178886,Gia Coppola,6.2,1
nm1534595,Peter Atencio,6.2,1
nm0697936,David Prior,6.2,1
nm1991847,Zak Hilditch,6.2,1
nm1256143,David Kerr,6.2,1
nm3774632,Robin Pront,6.2,1
nm0777881,Robert Schwentke,6.19,7
nm0005190,Garry Marshall,6.18,12
nm0796117,M. Night Shyamalan,6.18,12
nm0936404,Robert Wise,6.18,7
nm0155093,Peter Chelsom,6.18,5
nm0705535,Michael Radford,6.17,4
nm0853546,Lewis Teague,6.17,3
nm0145309,Nick Castle,6.17,3
nm0000907,Richard Benjamin,6.17,3
nm0413875,Mick Jackson,6.17,3
nm0381478,Jared Hess,6.17,3
nm1470993,Scott Mann,6.17,3
nm0821432,Chad Stahelski,6.17,3
nm0000386,Roland Emmerich,6.16,13
nm0668247,Alexander Payne,6.16,7
nm0362566,Catherine Hardwicke,6.15,4
nm0576298,Olivier Megaton,6.15,4
nm0618680,Jeffrey Nachmanoff,6.15,2
nm0923330,Tanya Wexler,6.15,2
nm0277342,Michael Fimognari,6.15,2
nm1031639,Cedric Nicolas-Troyan,6.15,2
nm0000776,Michael Apted,6.14,8
nm1296554,Ben Wheatley,6.14,5
nm0677953,Donald Petrie,6.13,6
nm0154819,Jeremiah S. Chechik,6.13,3
nm0252135,Breck Eisner,6.13,3
nm0000466,Jean-Pierre Jeunet,6.12,6
nm0784061,Dominic Sena,6.12,5
nm1203138,Kabir Khan,6.12,3
nm0000036,Buster Keaton,6.12,2
nm0281945,Anne Fletcher,6.1,7
nm0001382,Peter Hyams,6.1,6
nm0747849,Joseph Ruben,6.1,5
nm0470443,Gérard Krawczyk,6.1,4
nm0935095,Gary Winick,6.1,4
nm0477129,Ken Kwapis,6.1,4
nm0410139,John Irvin,6.1,2
nm0213100,William Dear,6.1,2
nm0997291,Justin Kurzel,6.1,2
nm2410311,Dean Israelite,6.1,2
nm0277946,Ken Finkleman,6.1,1
nm0827663,Daniel Stern,6.1,1
nm0882330,Kinka Usher,6.1,1
nm0381273,John Herzfeld,6.1,1
nm0003343,Rob Schmidt,6.1,1
nm0936838,Alexander Witt,6.1,1
nm0175775,Kerry Conran,6.1,1
nm0128225,Andy Cadiff,6.1,1
nm0619715,Omar Naim,6.1,1
nm0453270,Clare Kilner,6.1,1
nm1052162,Bryan Bertino,6.1,1
nm0001705,Rob Schneider,6.1,1
nm0638271,Joe Nussbaum,6.1,1
nm0192478,Kat Coiro,6.1,1
nm0601680,Nick Moore,6.1,1
nm0929317,Toby Wilkins,6.1,1
nm0891114,Tom Vaughan,6.1,1
nm0257646,Jonathan English,6.1,1
nm0675102,J.J. Perry,6.1,1
nm3262433,Raj Mehta,6.1,1
nm0000146,Ralph Fiennes,6.1,1
nm1264352,Susanna White,6.1,1
nm0729514,Christian Rivers,6.1,1
nm2123102,Eran Creevy,6.1,1
nm1956691,Jamie Linden,6.1,1
nm0922724,Jennifer Westfeldt,6.1,1
nm0326040,Akiva Goldsman,6.1,1
nm2282177,Justin Simien,6.1,1
nm1589546,Kazuaki Kiriya,6.1,1
nm0003482,Nash Edgerton,6.1,1
nm3273000,Max Joseph,6.1,1
nm2225334,Anders Walter,6.1,1
nm1510800,Drew Pearce,6.1,1
nm3728712,Jeff Chan,6.1,1
nm0861826,Peter Thorwarth,6.1,1
nm2250139,Bill Holderman,6.1,1
nm2010936,Damien Power,6.1,1
nm0946521,David Yarovesky,6.1,1
nm0766112,Akan Satayev,6.1,1
nm0737517,Mike Rohl,6.1,1
nm0042006,Scott Aukerman,6.1,1
nm0337773,David Gordon Green,6.09,8
nm0015359,Fatih Akin,6.09,5
nm0629334,McG,6.08,8
nm0484907,Christopher Landon,6.08,5
nm0394280,Stephen Hopkins,6.07,8
nm0504642,Louis Leterrier,6.07,7
nm0499724,Michael Lehmann,6.07,6
nm0357453,John Hamburg,6.07,4
nm1164755,Xavier Gens,6.07,3
nm2128335,J Blakeson,6.07,3
nm0348181,James Gunn,6.06,6
nm1135423,Darren Lynn Bousman,6.06,5
nm0006625,Steve Barron,6.05,2
nm0424800,Clark Johnson,6.05,2
nm0518644,Richard Loncraine,6.05,2
nm0020491,Elizabeth Allen Rosenbaum,6.05,2
nm3235877,Ana Lily Amirpour,6.05,2
nm0922346,Simon West,6.04,8
nm0958969,Harald Zwart,6.03,6
nm0245888,Jesse Dylan,6.03,3
nm0218621,James DeMonaco,6.03,3
nm0178997,Frank Coraci,6.01,8
nm0002132,Amy Heckerling,6.0,6
nm0006854,Roger Spottiswoode,6.0,6
nm0240995,Christian Duguay,6.0,2
nm0451076,Franck Khalfoun,6.0,2
nm1333798,Mabrouk El Mechri,6.0,2
nm0821844,Daniel Stamm,6.0,2
nm1118351,Jalmari Helander,6.0,2
nm0957263,Joseph Zito,6.0,1
nm0572951,Tom McLoughlin,6.0,1
nm0331193,Michael Gornick,6.0,1
nm0542539,Tom Mankiewicz,6.0,1
nm0001801,Robert Towne,6.0,1
nm0696309,Michael Pressman,6.0,1
nm0001845,Forest Whitaker,6.0,1
nm0939202,Kirk Wong,6.0,1
nm0698493,Pat Proft,6.0,1
nm0125336,Jez Butterworth,6.0,1
nm0188165,Michael Cristofer,6.0,1
nm2585406,Simon McQuoid,6.0,1
nm0299563,Tim Fywell,6.0,1
nm0007045,Scott Wiper,6.0,1
nm1201875,Géla Babluani,6.0,1
nm2251947,Marcel Langenegger,6.0,1
nm0457565,Ryûhei Kitamura,6.0,1
nm0567112,Michael McCullers,6.0,1
nm4376803,Divyang Thakkar,6.0,1
nm0338576,Rob Greenberg,6.0,1
nm0931251,Mark Williams,6.0,1
nm2688320,Gabe Ibáñez,6.0,1
nm0000206,Keanu Reeves,6.0,1
nm1589670,Caradog W. James,6.0,1
nm0827750,Joshua Michael Stern,6.0,1
nm0618898,Sajid Nadiadwala,6.0,1
nm2021516,Jake Szymanski,6.0,1
nm0839812,Stephen Susco,6.0,1
nm2140186,Rodo Sayagues,6.0,1
nm2573005,Susanna Fogel,6.0,1
nm0505741,Victor Levin,6.0,1
nm4014166,Cathy Yan,6.0,1
nm4142927,Navot Papushado,6.0,1
nm4013000,Natalie Erika James,6.0,1
nm0914132,Mark Waters,5.98,9
nm0151540,Jay Chandrasekhar,5.98,5
nm0101385,Rob Bowman,5.97,3
nm1481493,Gil Kenan,5.97,3
nm0679031,Brad Peyton,5.97,3
nm0525659,Robert Luketic,5.96,7
nm0591171,Steve Miner,5.95,6
nm0733263,Adam Robitel,5.95,4
nm0509409,Robert Lieberman,5.95,2
nm0005101,Harmony Korine,5.95,2
nm1286340,Angela Robinson,5.95,2
nm1400426,Daniel Barnz,5.95,2
nm0294457,Thor Freudenthal,5.95,2
nm0003458,Steven R. Monroe,5.95,2
nm0001401,Angelina Jolie,5.95,2
nm0339004,Luke Greenfield,5.93,4
nm0684336,Steve Pink,5.93,3
nm0788202,Adam Shankman,5.91,9
nm0831557,Nicholas Stoller,5.91,7
nm0562645,Les Mayfield,5.9,5
nm0476201,Karyn Kusama,5.9,4
nm0223359,Tom Dey,5.9,3
nm0442109,Charlie Kaufman,5.9,3
nm0504802,Sheldon Lettich,5.9,2
nm0330140,Dennie Gordon,5.9,2
nm0204884,John A. Davis,5.9,2
nm1697112,Adam Green,5.9,2
nm2093171,Damien Leone,5.9,2
nm1714255,Elliott Lester,5.9,2
nm2853516,Leslye Headland,5.9,2
nm1827931,William Eubank,5.9,2
nm0283816,Anna Foerster,5.9,2
nm0625379,Gary Nelson,5.9,1
nm0331998,Michael Gottlieb,5.9,1
nm0480843,John Lafia,5.9,1
nm0429517,Ate de Jong,5.9,1
nm0393661,Kevin Hooks,5.9,1
nm0450387,Stephen Kessler,5.9,1
nm0004121,Mikael Salomon,5.9,1
nm0956022,Claude Zidi,5.9,1
nm0509028,Demian Lichtenstein,5.9,1
nm0831690,Charles Stone III,5.9,1
nm0272704,Guy Ferland,5.9,1
nm0838198,Kevin Rodney Sullivan,5.9,1
nm0689852,John Polson,5.9,1
nm1497918,Andrew Douglas,5.9,1
nm0335666,Susannah Grant,5.9,1
nm0325204,Gary David Goldberg,5.9,1
nm0097079,Ole Bornedal,5.9,1
nm0004810,Chris Carter,5.9,1
nm0946327,Mennan Yapo,5.9,1
nm0376006,Anthony Hemingway,5.9,1
nm0769135,Don Scardino,5.9,1
nm1033683,Agnieszka Wojtowicz-Vosloo,5.9,1
nm0340958,Alister Grierson,5.9,1
nm2127650,Carter Smith,5.9,1
nm0774340,Marc Schölermann,5.9,1
nm1777967,A.L. Vijay,5.9,1
nm1993322,Timo Vuorensola,5.9,1
nm1396048,Dave Filoni,5.9,1
nm1069989,Olatunde Osunsanmi,5.9,1
nm1060986,Luis Prieto,5.9,1
nm0104973,Michael Brandt,5.9,1
nm1104944,Heitor Dhalia,5.9,1
nm2489573,Justin Reardon,5.9,1
nm2847370,Lisa Joy,5.9,1
nm0619836,Babak Najafi,5.9,1
nm1757777,Dave Green,5.9,1
nm1130275,Nicholas McCarthy,5.9,1
nm0644204,Lin Oeding,5.9,1
nm4914792,Frant Gwo,5.9,1
nm2477891,Gary Dauberman,5.9,1
nm3771823,Daniel Goldhaber,5.9,1
nm4804442,Nia DaCosta,5.9,1
nm0001226,James Foley,5.88,6
nm0611683,Russell Mulcahy,5.87,4
nm1234345,Takashi Shimizu,5.87,3
nm0000127,Wes Craven,5.86,13
nm0881038,Ron Underwood,5.85,4
nm0007082,John Stockwell,5.85,4
nm0575389,Peter Medak,5.85,2
nm0614682,Ryan Murphy,5.85,2
nm0702797,Steven Quale,5.85,2
nm0779433,Ken Scott,5.85,2
nm2586324,Trish Sie,5.85,2
nm0935863,Michael Winterbottom,5.84,4
nm0027271,Paul W.S. Anderson,5.83,12
nm0065608,Walt Becker,5.83,3
nm0492909,Marc Lawrence,5.83,3
nm1103162,Tim Story,5.8,9
nm0159109,Yoshiaki Kawajiri,5.8,2
nm0918873,Sam Weisman,5.8,2
nm0664756,John Pasquin,5.8,2
nm0934483,Kurt Wimmer,5.8,2
nm1633551,Karan Malhotra,5.8,2
nm0563243,Dan Mazer,5.8,2
nm1479803,Vince Marcello,5.8,2
nm0671862,Roger Vadim,5.8,1
nm0001596,Pier Paolo Pasolini,5.8,1
nm0219959,Ruggero Deodato,5.8,1
nm0324875,Menahem Golan,5.8,1
nm0003423,Peter MacDonald,5.8,1
nm0540330,Bruce Malmuth,5.8,1
nm0160602,Mark Christopher,5.8,1
nm0755261,Daniel Sackheim,5.8,1
nm0214036,Ed Decter,5.8,1
nm0087904,Barry W. Blaustein,5.8,1
nm1048560,Marcus Raboy,5.8,1
nm0108094,Eric Brevig,5.8,1
nm0448900,Chris Kentis,5.8,1
nm0006554,Rodrigo García,5.8,1
nm1433996,Peter Cornwell,5.8,1
nm2117510,Cal Brunker,5.8,1
nm2204480,Jonathan King,5.8,1
nm0022768,Kent Alterman,5.8,1
nm0917992,Paul Weiland,5.8,1
nm0352524,David Hackl,5.8,1
nm5386710,Carrie Cracknell,5.8,1
nm0998825,Jeffrey Blitz,5.8,1
nm0962849,Maggie Carey,5.8,1
nm3859682,Ian Samuels,5.8,1
nm1587778,Ben Young,5.8,1
nm1730090,Federico D'Alessandro,5.8,1
nm0779524,Luke Scott,5.8,1
nm0219136,Claire Denis,5.8,1
nm0583654,Hallie Meyers-Shyer,5.8,1
nm0625245,Chris Nelson,5.8,1
nm2705923,Lorcan Finnegan,5.8,1
nm1363374,Chandra Prakash Dwivedi,5.8,1
nm0001239,John Frankenheimer,5.79,4
nm0591450,Rob Minkoff,5.78,7
nm0905592,Jeff Wadlow,5.78,5
nm0474955,Roger Kumble,5.77,4
nm0003418,Rob Cohen,5.76,10
nm0000958,John Boorman,5.75,4
nm0115218,Tod Browning,5.75,2
nm1316072,Nora Twomey,5.75,2
nm0340436,Kevin Greutert,5.75,2
nm1980431,Michael Chaves,5.75,2
nm0001317,Renny Harlin,5.74,14
nm0160840,Jon M. Chu,5.74,7
nm0213450,Dean DeBlois,5.73,4
nm0829820,Scott Stewart,5.73,3
nm1460159,Rohit Shetty,5.73,3
nm0275698,Andy Fickman,5.72,6
nm0601382,John Moore,5.7,5
nm0258784,Yilmaz Erdogan,5.7,2
nm1760830,Kyle Newacheck,5.7,2
nm1018426,Gonzalo López-Gallego,5.7,2
nm2197777,Tom Harper,5.7,2
nm0180257,John Cornell,5.7,1
nm0425540,Kenneth Johnson,5.7,1
nm0388817,Antony Hoffman,5.7,1
nm0370911,Blair Hayes,5.7,1
nm0302778,Joel Gallen,5.7,1
nm2002649,Dave Franco,5.7,1
nm2982028,Ferdinando Cito Filomarino,5.7,1
nm1154184,Jon Harris,5.7,1
nm2095817,Jody Hill,5.7,1
nm0934864,Jason Winer,5.7,1
nm1189197,Quentin Dupieux,5.7,1
nm1702145,Dave Wilson,5.7,1
nm0355806,Klay Hall,5.7,1
nm0503259,Peter Lepeniotis,5.7,1
nm1428946,David Guy Levy,5.7,1
nm5507490,Aleksander Bach,5.7,1
nm2351920,Vicky Jewson,5.7,1
nm0063357,Anees Bazmee,5.7,1
nm2209002,Lars Klevberg,5.7,1
nm2634746,Tyler Spindel,5.7,1
nm1676223,Akiva Schaffer,5.69,4
nm0858525,Betty Thomas,5.67,6
nm0005647,Andrzej Bartkowiak,5.67,4
nm0199722,Rod Daniel,5.67,3
nm0393094,Ishirô Honda,5.67,2
nm0240797,Dennis Dugan,5.66,13
nm2153088,Gareth Evans,5.66,4
nm0829038,Robert Stevenson,5.65,2
nm0128883,Christopher Cain,5.65,2
nm0382072,Peter Hewitt,5.65,2
nm0743093,Mark Rosman,5.65,2
nm0853374,Sam Taylor-Johnson,5.65,2
nm1455688,Julie Anne Robinson,5.65,2
nm2503633,Josh Trank,5.65,2
nm0388198,Mike Hodges,5.63,3
nm0000957,Jan de Bont,5.62,5
nm0510674,Kevin Lima,5.61,4
nm0005367,Brian Robbins,5.6,7
nm0164187,Larry Clark,5.6,3
nm0304830,Robert Ben Garant,5.6,2
nm0064181,Stuart Beattie,5.6,2
nm1334526,Simon Kinberg,5.6,2
nm0953392,Meir Zarchi,5.6,1
nm0452607,Fritz Kiersch,5.6,1
nm0001270,Brian Gibson,5.6,1
nm0476900,Fran Rubel Kuzui,5.6,1
nm0004886,Bill Duke,5.6,1
nm0519434,Robert Longo,5.6,1
nm0000241,Jean-Claude Van Damme,5.6,1
nm0825434,Darren Stein,5.6,1
nm0001040,Joan Chen,5.6,1
nm0540532,William Malone,5.6,1
nm0053228,Ernie Barbarash,5.6,1
nm0375068,Mark Helfrich,5.6,1
nm0583515,Dave Meyers,5.6,1
nm0131969,Brandon Camp,5.6,1
nm2040537,Kim Farrant,5.6,1
nm3918746,Henry Hobson,5.6,1
nm0057106,David Barrett,5.6,1
nm0951698,Justin Zackham,5.6,1
nm0414423,Gregory Jacobs,5.6,1
nm0215299,Steven S. DeKnight,5.6,1
nm0148999,Tony Cervone,5.6,1
nm0007193,Richie Keen,5.6,1
nm0300174,Levan Gabriadze,5.6,1
nm1157527,Andrew Jay Cohen,5.6,1
nm0509448,Jonathan Liebesman,5.58,5
nm0101047,David Bowers,5.57,4
nm1197971,Marcus Nispel,5.55,4
nm0318947,Jim Gillespie,5.55,2
nm0065284,Steve Beck,5.55,2
nm0005387,Joe Roth,5.55,2
nm1164602,Ciarán Foy,5.55,2
nm0758574,Walter Salles,5.53,5
nm0275286,David S. Goyer,5.53,3
nm0002030,George Cukor,5.52,5
nm0005008,Brian Henson,5.52,3
nm0205542,Tamra Davis,5.5,3
nm0215269,Fred Dekker,5.5,2
nm1288766,Phil Traill,5.5,2
nm1068186,M.J. Bassett,5.5,2
nm0525141,John Luessenhop,5.5,2
nm0000638,William Shatner,5.5,1
nm0382776,Anthony Hickox,5.5,1
nm0400486,Bronwen Hughes,5.5,1
nm0253819,Ellory Elkayem,5.5,1
nm0782900,Andrzej Sekula,5.5,1
nm0103744,Tom Brady,5.5,1
nm0266302,Jim Fall,5.5,1
nm0177637,Greg Coolidge,5.5,1
nm0937748,Fred Wolf,5.5,1
nm1892926,Brian Andrew Mendoza,5.5,1
nm0082526,Peter Billingsley,5.5,1
nm2552536,Troy Nixey,5.5,1
nm1244069,Kenya Barris,5.5,1
nm0867127,Mark Tonderai,5.5,1
nm1099711,Ruairi Robinson,5.5,1
nm1564809,Julius Onah,5.5,1
nm1420377,Alex Hardcastle,5.5,1
nm0507425,Kevin Lewis,5.5,1
nm0674020,Oz Perkins,5.5,1
nm2298645,Mike P. Nelson,5.5,1
nm0711840,Brett Ratner,5.49,12
nm0950775,Jennifer Yuh Nelson,5.48,3
nm0431918,Mike Judge,5.47,4
nm0001438,Neil LaBute,5.47,4
nm0254786,David R. Ellis,5.46,5
nm0001402,Terry Jones,5.46,4
nm0502577,Brett Leonard,5.45,2
nm0000921,Andrew Bergman,5.45,2
nm0001345,Jim Henson,5.43,2
nm3150455,Joel Crawford,5.43,2
nm0281507,Richard Fleischer,5.41,5
nm0005540,Keenen Ivory Wayans,5.4,4
nm0181902,George P. Cosmatos,5.4,3
nm0216214,Camille Delamarre,5.4,2
nm0794791,Jack Sholder,5.4,1
nm0000175,Stephen King,5.4,1
nm0712444,Rand Ravich,5.4,1
nm0402995,Paul Hunter,5.4,1
nm1019493,Kevin Donovan,5.4,1
nm0498991,Doug Lefler,5.4,1
nm0509033,Mitchell Lichtenstein,5.4,1
nm2280148,Justin Dec,5.4,1
nm0332740,Everardo Gout,5.4,1
nm0753526,RZA,5.4,1
nm1128050,Chris Addison,5.4,1
nm1715502,Vijay Krishna Acharya,5.4,1
nm0878756,Tom Tykwer,5.37,7
nm0514546,Dwight H. Little,5.35,4
nm0425756,Mark Steven Johnson,5.35,4
nm0005713,Karl Freund,5.35,2
nm0075666,Joe Berlinger,5.35,2
nm0001408,Shekhar Kapur,5.32,4
nm0516344,Wei Lo,5.32,2
nm0919369,Paul Weitz,5.31,7
nm0757858,Carlos Saldanha,5.3,7
nm0504513,Richard Lester,5.3,3
nm0765121,Joseph Sargent,5.3,2
nm0768249,Geoffrey Sax,5.3,2
nm0000972,Tinto Brass,5.3,1
nm0323787,Gary Goddard,5.3,1
nm0295007,Rick Friedberg,5.3,1
nm0152741,Joe Charbanic,5.3,1
nm0000853,Bruno Barreto,5.3,1
nm0937306,Bille Woodruff,5.3,1
nm1199954,Jeff Renfroe,5.3,1
nm0693561,Alan Poul,5.3,1
nm0103187,Dan Bradley,5.3,1
nm0427037,Antti J. Jokinen,5.3,1
nm3772967,Julia Leigh,5.3,1
nm0002041,Dean Devlin,5.3,1
nm1788310,Jenny Gage,5.3,1
nm1163264,Otto Bathurst,5.3,1
nm2379028,Corin Hardy,5.3,1
nm2379696,K.K. Radhakrishna Kumar,5.3,1
nm0505152,Brian Levant,5.28,6
nm0331532,Raja Gosnell,5.27,8
nm0004056,Andrew Stanton,5.27,5
nm0068587,William Brent Bell,5.27,4
nm0934578,Simon Wincer,5.27,3
nm1119079,Tomm Moore,5.27,3
nm0481418,Richard LaGravenese,5.26,4
nm1266897,Johannes Roberts,5.25,4
nm0134224,Kay Cannon,5.25,2
nm1134029,Garth Jennings,5.24,4
nm0939128,James Wong,5.23,4
nm0527261,Patrick Lussier,5.23,3
nm0238841,Don Mancini,5.23,3
nm0149548,Don Chaffey,5.23,2
nm1488800,Ti West,5.2,5
nm0384722,Tim Hill,5.2,3
nm0742819,Rick Rosenthal,5.2,2
nm0464846,Andrey Konchalovskiy,5.2,2
nm0515891,Luis Llosa,5.2,2
nm0087595,Jamie Blanks,5.2,2
nm0119106,John Carl Buechler,5.2,1
nm0818465,Bryan Spicer,5.2,1
nm0228147,Mark A.Z. Dippé,5.2,1
nm0753382,Michael Rymer,5.2,1
nm0150906,Gordon Chan,5.2,1
nm0931727,Steve 'Spaz' Williams,5.2,1
nm0643696,Masayuki Ochiai,5.2,1
nm0403038,Simon Hunter,5.2,1
nm0523094,Jeff Lowell,5.2,1
nm2260872,Farhad Samji,5.2,1
nm12135964,Nelson Dilipkumar,5.2,1
nm1207904,Samuel Bayer,5.2,1
nm0404882,John Hyams,5.2,1
nm0894207,Simon Verhoeven,5.2,1
nm3622659,Lucia Aniello,5.2,1
nm2618764,Gerard McMurray,5.2,1
nm0158984,Sylvain Chomet,5.18,3
nm0027459,Stephen J. Anderson,5.18,2
nm0003836,Michael Powell,5.17,3
nm0501185,Michael Lembeck,5.17,3
nm0109359,Steven Brill,5.16,9
nm0001102,Joe Dante,5.16,8
nm0150802,Benny Chan,5.15,2
nm2277869,Marjane Satrapi,5.15,2
nm0049371,Jaume Balagueró,5.14,4
nm0744834,Eli Roth,5.13,8
nm0593610,Mike Mitchell,5.1,8
nm1229520,Ben Falcone,5.1,4
nm0000341,Michael Crichton,5.1,2
nm0573589,David McNally,5.1,2
nm0455078,Michael Patrick King,5.1,2
nm2752098,Chris Butler,5.1,2
nm0908890,Tommy Lee Wallace,5.1,1
nm0004305,George Miller,5.1,1
nm0070474,Jack Bender,5.1,1
nm0909026,Anthony Waller,5.1,1
nm0402365,Bruce Hunt,5.1,1
nm0947087,Hoyt Yeatman,5.1,1
nm0266777,Stefen Fangmeier,5.1,1
nm1170286,Martin Weisz,5.1,1
nm0376664,Stewart Hendler,5.1,1
nm2151439,John Poliquin,5.1,1
nm0622112,Vincenzo Natali,5.09,5
nm0925870,John Whitesell,5.08,4
nm0027183,Michael Anderson,5.08,2
nm0443505,Clay Kaytis,5.08,2
nm0149446,Gurinder Chadha,5.06,4
nm0582635,Alan Metter,5.05,2
nm0931095,Tod Williams,5.05,2
nm0163706,Bob Clark,5.04,5
nm0004306,George Miller,5.03,10
nm0957772,Rob Zombie,5.03,6
nm0651706,Mark Osborne,5.02,3
nm0003080,Rachel Talalay,5.0,2
nm0798899,David Silverman,5.0,2
nm0347657,John Gulager,5.0,2
nm0709056,Peter Ramsey,5.0,2
nm0089502,Albert Pyun,5.0,1
nm0000101,Dan Aykroyd,5.0,1
nm0201283,Gregory Dark,5.0,1
nm0793455,Steve Shill,5.0,1
nm3094978,Srdjan Spasojevic,5.0,1
nm0662086,Bradley Parker,5.0,1
nm1639277,Michael Tiddes,5.0,1
nm1270033,David M. Rosenthal,5.0,1
nm1755396,Roseanne Liang,5.0,1
nm1125131,Jean-Baptiste Andrea,4.97,2
nm0011470,Andrew Adamson,4.95,4
nm0906548,Rupert Wainwright,4.95,2
nm1000113,Etan Cohen,4.95,2
nm1234893,Sylvain White,4.93,3
nm0001675,Robert Rodriguez,4.91,18
nm0236930,Jim Drake,4.9,1
nm0652860,Dominique Othenin-Girard,4.9,1
nm0622240,Mort Nathan,4.9,1
nm0329755,Chris Gorak,4.9,1
nm0919363,Chris Weitz,4.89,5
nm0948000,Cem Yilmaz,4.88,3
nm0533691,Angus MacLane,4.88,2
nm0089940,Don Bluth,4.86,7
nm1410159,David Bruckner,4.85,4
nm1844237,Chris Miller,4.82,2
nm0915304,Scott Waugh,4.8,2
nm0428751,Mark Jones,4.8,1
nm0318795,Stuart Gillard,4.8,1
nm0007139,Hark Tsui,4.8,1
nm0160157,Christian E. Christiansen,4.8,1
nm2407401,Jonathan Helpert,4.8,1
nm4941030,Jason Zada,4.8,1
nm1938064,Deon Taylor,4.8,1
nm2569510,Lennart Ruff,4.8,1
nm0002700,Malcolm D. Lee,4.79,5
nm0297935,Kinji Fukasaku,4.74,2
nm0502954,John R. Leonetti,4.7,4
nm0852279,Don Taylor,4.7,2
nm1879589,Nelson McCormick,4.7,2
nm0826164,Danny Steinmann,4.7,1
nm0404754,Willard Huyck,4.7,1
nm0152640,Joe Chappelle,4.7,1
nm0379237,Charles Herman-Wurmfeld,4.7,1
nm1600805,Mike Bigelow,4.7,1
nm1669022,John Bonito,4.7,1
nm0814517,Jim Sonzero,4.7,1
nm2596725,David Blue Garcia,4.7,1
nm0796504,Siddique,4.7,1
nm0281396,Ryan Fleck,4.68,3
nm0920425,Simon Wells,4.67,4
nm0601781,Rich Moore,4.62,3
nm2788015,Carlos López Estrada,4.61,2
nm0443181,Stephen Kay,4.6,2
nm0002887,Alan Myerson,4.6,1
nm0338381,Tom Green,4.6,1
nm0837406,Sara Sugarman,4.6,1
nm0563301,Craig Mazin,4.6,1
nm0604688,Glen Morgan,4.6,1
nm0687427,Gregory Plotkin,4.6,1
nm0505183,Grégory Levasseur,4.6,1
nm1224299,Rob Letterman,4.58,5
nm0134176,Danny Cannon,4.55,3
nm0553942,Steve Martino,4.55,3
nm0687042,Paco Plaza,4.54,4
nm0001878,David Zucker,4.53,10
nm0569891,Tom McGrath,4.52,5
nm0917188,Chris Wedge,4.52,3
nm1009277,Dax Shepard,4.52,2
nm0761498,Chris Sanders,4.5,4
nm0083279,Patricia Birch,4.5,1
nm0373154,Rob Hedden,4.5,1
nm1279573,F. Javier Gutiérrez,4.5,1
nm0925482,Stiles White,4.5,1
nm1672246,Jorma Taccone,4.47,2
nm0958387,Jerry Zucker,4.46,6
nm0003474,Troy Miller,4.4,2
nm0094288,Peter Bonerz,4.4,1
nm0740568,Tom Ropelewski,4.4,1
nm0089176,Jason Bloom,4.4,1
nm0410494,James Isaac,4.4,1
nm2073372,Nicolas Pesce,4.4,1
nm0881279,Lee Unkrich,4.39,5
nm0139867,Steve Carr,4.39,5
nm0000801,Olivier Assayas,4.38,3
nm1417392,Adam Wingard,4.36,7
nm1804614,Ali Abbas Zafar,4.31,4
nm0813309,Courtney Solomon,4.3,2
nm0358327,Nick Hamm,4.3,2
nm0526199,Kátia Lund,4.3,1
nm0018132,Lisa Azuelos,4.3,1
nm0400436,Albert Hughes,4.27,4
nm0005124,John Lasseter,4.25,5
nm0619923,Olivier Nakache,4.25,1
nm0865918,Éric Toledano,4.25,1
nm1738420,Enzo Zelocchi,4.22,6
nm0822582,Richard Stanley,4.22,2
nm0001162,Griffin Dunne,4.21,3
nm0734747,Mic Rodgers,4.2,1
nm0223522,David Dhawan,4.2,1
nm2937122,Adrian Molina,4.2,1
nm0000037,Gene Kelly,4.15,1
nm1244760,Amole Gupte,4.15,1
nm0451148,Aamir Khan,4.15,1
nm0677037,Bob Peterson,4.15,1
nm7236117,Mindaugas Urbonavicius,4.15,1
nm3873442,Aleksandras Brokas,4.15,1
nm0426333,Tim Johnson,4.14,4
nm0000720,Jim Abrahams,4.11,5
nm0477035,Corey Yuen,4.1,2
nm1519353,Tom Six,4.1,2
nm0546057,Adam Marcus,4.1,1
nm0446109,David Kellogg,4.1,1
nm0994538,Joseph Kahn,4.1,1
nm0215455,Ronnie Del Carmen,4.1,1
nm0655053,Sergio Pablos,4.1,1
nm3582089,Carlos Martínez López,4.1,1
nm0661577,Jerry Paris,4.08,2
nm0719208,Chris Renaud,4.07,5
nm0930261,Chris Williams,4.05,4
nm0371755,Jimmy Hayward,4.05,2
nm0115669,Clyde Bruckman,4.05,1
nm0684342,Jan Pinkava,4.05,1
nm1624755,James Reed,4.05,1
nm11813828,Pippa Ehrlich,4.05,1
nm1888091,Elizabeth Chai Vasarhelyi,4.05,1
nm3011011,Jimmy Chin,4.05,1
nm0007672,Eduard Abalov,4.0,1
nm0211823,Steven E. de Souza,4.0,1
nm0919514,Bo Welch,4.0,1
nm0538320,Alan Mak,4.0,1
nm0490487,Andrew Lau,4.0,1
nm0884659,Eric Valette,4.0,1
nm1749112,Vincent Paronnaud,4.0,1
nm0849164,Loveleen Tandan,4.0,1
nm5358492,Kemp Powers,4.0,1
nm2075487,Ross Stewart,4.0,1
nm1461392,Joachim Rønning,3.99,5
nm0038432,Kelly Asbury,3.98,3
nm0551358,Joshua Marston,3.98,2
nm0696247,Emeric Pressburger,3.95,2
nm2204103,Togan Gökbakar,3.95,2
nm0774325,Ernest B. Schoedsack,3.95,1
nm0178260,Merian C. Cooper,3.95,1
nm0445033,William Keighley,3.95,1
nm0168413,Jean Cocteau,3.95,1
nm0167496,René Clément,3.95,1
nm5292337,Rajesh Bhatia,3.95,1
nm2590164,Laxman Utekar,3.95,1
nm2591093,Januel Mercado,3.95,1
nm0619762,Mira Nair,3.93,2
nm0410769,Robert Iscove,3.9,2
nm0332539,Edmund Goulding,3.9,1
nm0744504,Arthur Rosson,3.9,1
nm0000248,Edward D. Wood Jr.,3.9,1
nm0418883,Kevin Jarre,3.9,1
nm0873385,Massimo Troisi,3.9,1
nm1364790,Hugh Welchman,3.9,1
nm3699790,Dorota Kobiela,3.9,1
nm0006969,Elizabeth Banks,3.88,3
nm3464186,Timo Tjahjanto,3.88,2
nm0400731,Ken Hughes,3.87,2
nm0170043,Isabel Coixet,3.87,2
nm0001054,Joel Coen,3.86,20
nm0744514,Richard Rosson,3.85,1
nm1977355,Nathan Greno,3.85,1
nm5986857,Keegan Kuhn,3.83,2
nm6057112,Kip Andersen,3.83,2
nm0730385,Jerome Robbins,3.8,1
nm0742034,Martin Rosen,3.8,1
nm0399524,John Hubley,3.8,1
nm0122217,Mastan Alibhai Burmawalla,3.8,1
nm0122216,Abbas Alibhai Burmawalla,3.8,1
nm0051643,Tony Bancroft,3.8,1
nm0282027,Jack Fletcher,3.8,1
nm0344259,J. Mackye Gruber,3.8,1
nm0107774,Eric Bress,3.8,1
nm0831321,Chris Stokes,3.8,1
nm0828970,John Stevenson,3.8,1
nm0773605,Marco Schnabel,3.8,1
nm0348993,Mark Gustafson,3.8,1
nm1318596,Jemaine Clement,3.8,1
nm2436566,Tyler Nilson,3.8,1
nm1916835,Michael Schwartz,3.8,1
nm1921345,Steven C. Miller,3.8,1
nm5106831,Michael Rianda,3.8,1
nm6676487,Jeff Rowe,3.8,1
nm0001988,Marc Caro,3.77,2
nm0155179,Chi-Hwa Chen,3.75,1
nm0187769,Charles Crichton,3.75,1
nm0000092,John Cleese,3.75,1
nm0514906,Chia-Liang Liu,3.75,1
nm0101508,Steve Box,3.75,1
nm0585086,Pete Michels,3.75,1
nm0793804,Peter Shin,3.75,1
nm3218978,Abhinay Deo,3.75,1
nm2356415,Akshat Verma,3.75,1
nm0322144,Richard Glatzer,3.75,1
nm0922903,Wash Westmoreland,3.75,1
nm0230032,Pete Docter,3.74,4
nm3453283,Dan Kwan,3.73,2
nm3215397,Daniel Scheinert,3.73,2
nm0023469,Joe Alves,3.7,1
nm0002089,Sidney J. Furie,3.7,1
nm1823227,Rachel Grady,3.7,1
nm1823216,Heidi Ewing,3.7,1
nm0269542,Nat Faxon,3.7,1
nm0711110,Jim Rash,3.7,1
nm0796915,David Siegel,3.7,1
nm0569166,Scott McGehee,3.7,1
nm0051166,Ali Taner Baltaci,3.68,2
nm0201095,Luc Dardenne,3.68,2
nm0201094,Jean-Pierre Dardenne,3.68,2
nm1343394,Josh Safdie,3.68,2
nm1509478,Benny Safdie,3.68,2
nm0176905,Barry Cook,3.67,2
nm0723704,Richard Rich,3.66,3
nm0751648,Joe Russo,3.65,7
nm0751577,Anthony Russo,3.65,7
nm0936374,Kirk Wise,3.65,3
nm0873779,Gary Trousdale,3.65,3
nm0661910,Nick Park,3.65,2
nm0349183,Lawrence Guterman,3.65,2
nm0060072,Jules Bass,3.65,1
nm0710230,Arthur Rankin Jr.,3.65,1
nm0425843,Mike Johnson,3.65,1
nm2207625,Kleber Mendonça Filho,3.65,1
nm2289860,Juliano Dornelles,3.65,1
nm0326450,Richard Starzak,3.65,1
nm0123666,Mark Burton,3.65,1
nm0000329,Jackie Chan,3.63,3
nm0206760,Jonathan Dayton,3.62,3
nm0267512,Valerie Faris,3.62,3
nm2888554,Christophe Lourdelet,3.62,2
nm0905154,Lana Wachowski,3.6,8
nm0520488,Phil Lord,3.6,4
nm0588087,Christopher Miller,3.6,4
nm0818639,Bob Spiers,3.6,1
nm0177170,Lorna Cook,3.6,1
nm0710020,Joe Ranft,3.6,1
nm1382072,Tommy Wiseau,3.6,1
nm1481959,Takeshi Nozue,3.6,1
nm0634602,Tetsuya Nomura,3.6,1
nm0210320,Kirk DeMicco,3.6,1
nm1032754,Chris Sivertson,3.6,1
nm1052960,Priyamvada Narayanan,3.6,1
nm1030373,Reema Kagti,3.6,1
nm2122478,Duke Johnson,3.6,1
nm2671235,Aleksey Pimanov,3.6,1
nm0505946,Sam J. Levine,3.6,1
nm2972864,Jared Stern,3.6,1
nm5057444,Maïmouna Doucouré,3.6,1
nm1601644,Jennifer Lee,3.55,2
nm0638528,Christian Nyby,3.55,1
nm0384864,Stephen Hillenburg,3.55,1
nm0534879,Ram Madhvani,3.55,1
nm14184663,Heavenveer Singh Hayer,3.55,1
nm1868917,Alessandro Carloni,3.55,1
nm0588340,Frank Miller,3.54,3
nm0118333,Chris Buck,3.53,4
nm0453832,Ward Kimball,3.5,1
nm0389514,David Hogan,3.5,1
nm1059740,Parkpoom Wongpoom,3.5,1
nm1802294,Banjong Pisanthanakun,3.5,1
nm0151066,Peter Ho-Sun Chan,3.5,1
nm0948145,Wai-Man Yip,3.5,1
nm1600872,Lee Sternthal,3.5,1
nm0460206,Brian Klugman,3.5,1
nm1601882,Phil Johnston,3.5,1
nm1392282,Todd Wilderman,3.5,1
nm0001053,Ethan Coen,3.48,18
nm1349818,Anna Boden,3.48,2
nm2639032,Jason Eisener,3.48,2
nm0520485,Peter Lord,3.45,2
nm0156927,Chia-Hsiang Wu,3.45,1
nm0004693,Lou Adler,3.45,1
nm0001045,Tommy Chong,3.45,1
nm0485298,David Lane,3.45,1
nm2060444,Rod Blackhurst,3.45,1
nm2770831,Brian McGinn,3.45,1
nm0718627,Wolfgang Reitherman,3.44,9
nm0400441,Allen Hughes,3.43,5
nm0720135,John Requa,3.4,4
nm0275629,Glenn Ficarra,3.4,4
nm0685759,Pitof,3.4,1
nm0086431,Aaron Blaise,3.4,1
nm1074107,Robert Walker,3.4,1
nm0030253,Graham Annable,3.4,1
nm0383688,Shinji Higuchi,3.4,1
nm0842339,Doug Sweetland,3.4,1
nm1902232,Tony Leondis,3.4,1
nm0702863,Troy Quane,3.4,1
nm2939767,Nick Bruno,3.4,1
nm0300265,Mike Gabriel,3.38,2
nm14112827,Mathur Goswami,3.35,2
nm0268513,John Farrow,3.35,1
nm0001627,Sidney Poitier,3.35,1
nm6547823,Nolbert Brown Jr.,3.35,1
nm1369708,Patrick Gilmore,3.35,1
nm0627920,Jeff Newitt,3.35,1
nm1437652,Adam B. Stein,3.35,1
nm0513554,Zach Lipovsky,3.35,1
nm1650283,Espen Sandberg,3.34,4
nm1846132,Joe Swanberg,3.34,2
nm0030417,Hideaki Anno,3.33,3
nm0939992,Sam Wood,3.32,2
nm0456732,Karey Kirkpatrick,3.32,2
nm0905152,Lilly Wachowski,3.3,7
nm1375358,Jon Hurwitz,3.3,2
nm1376383,Hayden Schlossberg,3.3,2
nm0086690,Perry Andelin Blake,3.3,1
nm0542450,Ethan Maniquis,3.3,1
nm1134222,Jason Reisig,3.3,1
nm0875453,Kazuya Tsurumaki,3.29,2
nm0271402,Sam Fell,3.28,3
nm0268380,Peter Farrelly,3.27,14
nm1698571,Evan Goldberg,3.27,2
nm0736622,Seth Rogen,3.27,2
nm0326246,Jonathan Goldstein,3.25,2
nm0197855,John Francis Daley,3.25,2
nm0253323,Harry Elfont,3.25,1
nm0438226,Deborah Kaplan,3.25,1
nm0617130,Daniel Myrick,3.25,1
nm1125458,Fabrice Canepa,3.25,1
nm1730221,Reid Carolin,3.25,1
nm1475594,Channing Tatum,3.25,1
nm4263190,Bilall Fallah,3.25,1
nm4816401,Adil El Arbi,3.25,1
nm1918140,Justin Benson,3.23,3
nm1823264,Aaron Moorhead,3.23,3
nm0243233,Mark Duplass,3.2,2
nm0243231,Jay Duplass,3.2,2
nm0175730,David Worth,3.2,1
nm0228262,Mark DiSalle,3.2,1
nm0536299,Albert Magnoli,3.2,1
nm0629216,Phil Nibbelink,3.2,1
nm0957798,Ralph Zondag,3.2,1
nm0500343,Eric Leighton,3.2,1
nm1012102,Motonori Sakakibara,3.2,1
nm0756983,Hironobu Sakaguchi,3.2,1
nm0566788,Mike McCoy,3.2,1
nm0230666,Walt Dohrn,3.2,1
nm0608714,Scott Mosier,3.2,1
nm0155528,Yarrow Cheney,3.2,1
nm0606597,Iain Morris,3.2,1
nm1720648,Damon Beesley,3.2,1
nm0246037,Jeremy Dyson,3.2,1
nm0638762,Andy Nyman,3.2,1
nm0723470,John Rice,3.2,1
nm3006131,Thurop Van Orman,3.2,1
nm0615780,John Musker,3.18,7
nm0166256,Ron Clements,3.18,7
nm1853544,Pierre Coffin,3.18,4
nm0862211,Michael Thurmeier,3.17,3
nm0971239,Simon J. Smith,3.17,2
nm1072411,Veronika Franz,3.17,2
nm3868633,Severin Fiala,3.17,2
nm0075849,Shari Springer Berman,3.15,3
nm0700301,Robert Pulcini,3.15,3
nm0234893,Russell S. Doughten Jr.,3.15,1
nm0947105,Irvin S. Yeaworth Jr.,3.15,1
nm0345294,Charles Guard,3.15,1
nm0345307,Thomas Guard,3.15,1
nm2816668,Matthew Robinson,3.15,1
nm0315041,Ricky Gervais,3.15,1
nm0717678,Fergal Reilly,3.15,1
nm2329165,Kris Pearn,3.15,1
nm0970606,Cody Cameron,3.15,1
nm3447602,Yolanda Ramke,3.15,1
nm3262170,Ben Howling,3.15,1
nm1399714,Scott Beck,3.15,1
nm1456816,Bryan Woods,3.15,1
nm4938950,Christopher Caldwell,3.15,1
nm4777635,Zeek Earl,3.15,1
nm0021249,Roger Allers,3.14,2
nm0644022,Bob Odenkirk,3.12,2
nm0125803,Bobby Farrelly,3.11,12
nm0201509,Eric Darnell,3.11,5
nm1294961,Michael Spierig,3.11,4
nm1294962,Peter Spierig,3.11,4
nm0644695,George Ogilvie,3.1,1
nm0442207,Lloyd Kaufman,3.1,1
nm0381230,Michael Herz,3.1,1
nm0354126,Michael Haigney,3.1,1
nm0951197,Kunihiko Yuyama,3.1,1
nm1437277,Panna Rittikrai,3.1,1
nm1388074,Tony Jaa,3.1,1
nm0506977,Bradford Lewis,3.1,1
nm0295243,Jeffrey Friedman,3.1,1
nm0258531,Rob Epstein,3.1,1
nm3609341,Jen Soska,3.1,1
nm3609300,Sylvia Soska,3.1,1
nm0002184,Vic Armstrong,3.1,1
nm3246780,Mark Dennis,3.1,1
nm3244731,Ben Foster,3.1,1
nm0397174,Byron Howard,3.08,4
nm0825407,Björn Stein,3.08,2
nm0617523,Måns Mårlind,3.08,2
nm0330347,Josh Gordon,3.05,3
nm0817447,Will Speck,3.05,3
nm0401203,Raman Hui,3.05,1
nm0828207,Robert Stevenhagen,3.05,1
nm1887480,Aaron Nee,3.05,1
nm1519639,Adam Nee,3.05,1
nm3124542,David Palmer,3.05,1
nm0325776,Gary Goldman,3.03,3
nm1160962,Henry Joost,3.0,5
nm1413364,Ariel Schulman,3.0,5
nm0280814,Jennifer Flackett,3.0,1
nm0505662,Mark Levin,3.0,1
nm1883612,Àlex Pastor,3.0,1
nm0665041,David Pastor,3.0,1
nm1908892,Steve Saint Leger,3.0,1
nm1140492,James Mather,3.0,1
nm1196684,Paul Tibbitt,3.0,1
nm5278146,Aaron Hann,3.0,1
nm5278427,Mario Miscione,3.0,1
nm0238757,Derek Drymon,3.0,1
nm5844211,Jennifer Kluska,3.0,1
nm0105169,Ash Brannon,2.99,2
nm0421776,Vicky Jenson,2.98,2
nm0862911,Greg Tiernan,2.98,2
nm0774582,Keith Scholey,2.97,1
nm0288144,Alastair Fothergill,2.97,1
nm1649287,Jonathan Hughes,2.97,1
nm0601859,Scott Moore,2.95,4
nm0524190,Jon Lucas,2.95,4
nm0658837,Xavier Palud,2.95,2
nm1219963,David Moreau,2.95,2
nm0538614,Kelly Makin,2.95,1
nm0331956,Carl Gottlieb,2.95,1
nm1534497,Ian Nelms,2.95,1
nm1532523,Eshom Nelms,2.95,1
nm2725627,Steven Kostanski,2.95,1
nm2860882,Jeremy Gillespie,2.95,1
nm14212909,Musa Muhammed Olayinka,2.95,1
nm0809877,Sarah Smith,2.94,2
nm2377660,Julien Maury,2.92,2
nm2376614,Alexandre Bustillo,2.92,2
nm0289576,Claudio Fragasso,2.9,1
nm0005767,Edward Lachman,2.9,1
nm4680113,Gerard Bush,2.9,1
nm7896794,Christopher Renz,2.9,1
nm0962729,Brian Taylor,2.88,4
nm0004410,Mark Neveldine,2.88,4
nm0161152,Oxide Chun Pang,2.88,3
nm0659380,Danny Pang,2.88,3
nm0797526,James Signorelli,2.85,1
nm1556116,Kevin Kölsch,2.85,1
nm1552637,Dennis Widmyer,2.85,1
nm5732579,Jonathan Milott,2.85,1
nm5722382,Cary Murnion,2.85,1
nm0116497,John Bruno,2.83,2
nm2320658,Don Hall,2.8,5
nm0093051,Uwe Boll,2.8,4
nm5945690,Qui Nguyen,2.8,1
nm1154886,Galen T. Chu,2.8,1
nm0745247,Rodney Rothman,2.8,1
nm2130108,Bob Persichetti,2.8,1
nm0463359,Abby Kohn,2.8,1
nm0799050,Marc Silverstein,2.8,1
nm0970447,Conrad Vernon,2.77,5
nm0191717,Jill Culton,2.77,2
nm5698755,Sharan Sharma,2.75,1
nm13963103,ALi Khan AK,2.75,1
nm2964327,Christine Cynn,2.73,1
nm5256112,Anonymous,2.73,1
nm1484791,Joshua Oppenheimer,2.73,1
nm13732463,Gowtham Selvaraj,2.73,1
nm2575525,Pushkar,2.73,1
nm2566836,Gayatri,2.73,1
nm9751348,Rahi Anil Barve,2.73,1
nm1628153,Anand Gandhi,2.73,1
nm4205110,Adesh Prasad,2.73,1
nm9054338,Steve Hickner,2.72,2
nm0820934,Anthony Stacchi,2.72,2
nm3646390,Jonathan del Val,2.7,2
nm0700872,Puri Jagannadh,2.7,1
nm0049633,Kyle Balda,2.67,4
nm0486627,Thomas Langmann,2.6,1
nm0004689,Frédéric Forestier,2.6,1
nm1158544,Jared Bush,2.53,2
nm0281381,Fred Fleck,2.53,1
nm0556094,Masayuki,2.53,1
nm0002337,Roger Christian,2.5,1
nm0451155,Ahmed Khan,2.5,1
nm0095298,André Bonzel,2.47,1
nm0069715,Rémy Belvaux,2.47,1
nm0688143,Benoît Poelvoorde,2.47,1
nm0522028,John Lounsbery,2.4,2
nm1170765,Frank M. Calo,2.4,1
nm3998180,Marcelo Grion,2.4,1
nm4146781,Charise Castro Smith,2.4,1
nm0325196,Eric Goldberg,2.38,3
nm2419470,Tyler Gillett,2.38,3
nm2366012,Matt Bettinelli-Olpin,2.38,3
nm0152312,Brenda Chapman,2.38,2
nm0028764,Mark Andrews,2.37,1
nm0700760,Steve Purcell,2.37,1
nm2190815,Jean-Philippe Vine,2.33,1
nm3185614,Octavio E. Rodriguez,2.33,1
nm0075859,Ted Berman,2.3,2
nm0005076,Jeffrey Katzenberg,2.3,1
nm0666802,Don Paul,2.3,1
nm10287477,Sreehari Purimetla,2.3,1
nm1880561,Harold Cronk,2.3,1
nm0005062,Chuck Jones,2.27,2
nm0833780,Greg Strause,2.27,2
nm0833779,Colin Strause,2.27,2
nm2377436,Anouk Whissell,2.23,2
nm2375643,Yoann-Karl Whissell,2.23,2
nm2379331,François Simard,2.23,2
nm0473941,Dan Kuenster,2.23,1
nm0769840,Jeff Schaffer,2.2,1
nm0073688,Alec Berg,2.2,1
nm0541635,David Mandel,2.2,1
nm1556070,Brad Ableson,2.2,1
nm0250410,Todd Edwards,2.17,1
nm0249897,Cory Edwards,2.17,1
nm0498555,Tony Leech,2.17,1
nm0074426,Bibo Bergeron,2.15,2
nm0125186,Hendel Butoy,2.14,2
nm0171253,Warren Coleman,2.13,1
nm0606688,Judy Morris,2.13,1
nm3210494,Eric Guillon,2.07,1
nm0844896,Eduardo Sánchez,2.05,2
nm0608084,Rocky Morton,2.05,1
nm0417708,Annabel Jankel,2.05,1
nm0281808,Victor Fleming,2.04,2
nm3425513,Stuart Ortiz,2.03,1
nm4155547,The Vicious Brothers,2.03,1
nm4017355,Colin Minihan,2.03,1
nm3483756,Marcos Martínez,2.0,1
nm3371961,Javier Abad,2.0,1
nm3360961,Jorge Blanco,2.0,1
nm0517517,Bob Logan,2.0,1
nm0063769,Charlie Bean,2.0,1
nm0279729,Paul Fisher,2.0,1
nm0149131,Kamil Cetin,2.0,1
nm1988172,Yoshiyuki Takei,1.95,1
nm0645657,Hiroyuki Okiura,1.95,1
nm0645513,Tensai Okamura,1.95,1
nm0913860,Shin'ichirô Watanabe,1.95,1
nm0248495,Gary Eck,1.93,1
nm1668276,David Peers,1.93,1
nm0657853,Rospo Pallenberg,1.9,1
nm0701245,Tom Putnam,1.9,1
nm0222150,Prabhu Deva,1.9,1
nm1150656,Remo D'Souza,1.9,1
nm0557927,Toshio Masuda,1.88,1
nm0314671,Clyde Geronimi,1.87,8
nm0828245,Art Stevens,1.87,2
nm0194018,Jack Cutting,1.83,1
nm0727960,John Ripa,1.83,1
nm2128363,Paul Briggs,1.83,1
nm0560329,Burny Mattinson,1.77,1
nm0585150,David Michener,1.77,1
nm0359457,David Hand,1.71,6
nm0438394,Yvette Kaplan,1.7,1
nm1301264,Brian Mulroney,1.7,1
nm0221133,Mike de Seve,1.7,1
nm2930027,Celal Çimen,1.7,1
nm0527217,Hamilton Luske,1.69,8
nm1705578,Barbara Bialowas,1.65,1
nm1372836,Tomasz Mandes,1.65,1
nm5547881,Suzanne Coote,1.65,1
nm2460402,Matt Angel,1.65,1
nm0912849,Harold P. Warren,1.6,1
nm0953123,Darryl F. Zanuck,1.54,1
nm0926919,Bernhard Wicki,1.54,1
nm0652631,Gerd Oswald,1.54,1
nm0554249,Andrew Marton,1.54,1
nm0002175,Ken Annakin,1.54,1
nm1860612,Keith English,1.5,1
nm0414144,Wilfred Jackson,1.49,8
nm0455741,Jack Kinney,1.44,4
nm0164203,Les Clark,1.44,1
nm0488981,Eric Larson,1.44,1
nm0896542,King Vidor,1.35,1
nm0503777,Mervyn LeRoy,1.35,1
nm0851537,Norman Taurog,1.35,1
nm0861703,Richard Thorpe,1.35,1
nm0734319,Alexandre Rockwell,1.34,1
nm0025978,Allison Anders,1.34,1
nm0783536,Aaron Seltzer,1.33,5
nm0294997,Jason Friedberg,1.33,5
nm0789313,Ben Sharpsteen,1.3,5
nm0705779,Eric Radomski,1.3,1
nm0863622,Bruce Timm,1.3,1
nm0022828,Kevin Altieri,1.3,1
nm0456631,Boyd Kirkland,1.3,1
nm0667469,Frank Paur,1.3,1
nm0722713,Dan Riba,1.3,1
nm0668998,Perce Pearce,1.27,1
nm0604392,Larry Morey,1.27,1
nm0183183,William Cottrell,1.27,1
nm0706485,Raghava Lawrence,1.25,1
nm2040704,Balakrishnan Thevar,1.25,1
nm0470374,Antoni Krauze,1.2,1
nm0080315,Mahesh Bhatt,1.2,1
nm0254675,John Elliotte,1.03,1
nm1760911,Hüdaverdi Yavuz,1.0,1
nm9107963,Gökhan Gök,1.0,1
nm0272568,Norman Ferguson,0.91,3
nm0730860,Bill Roberts,0.89,4
nm0353893,Don Hahn,0.89,1
nm0110294,Paul Brizzi,0.89,1
nm0110293,Gaëtan Brizzi,0.89,1
nm0322368,Francis Glebas,0.89,1
nm0402563,Pixote Hunt,0.89,1
nm0373429,T. Hee,0.86,2
nm1440023,Simon Barrett,0.86,1
nm0354918,Gregg Hale,0.86,1
nm0035899,Samuel Armstrong,0.83,3
nm0848234,Richard Talmadge,0.83,1
nm0663577,Robert Parrish,0.83,1
nm0569825,Joseph McGrath,0.83,1
nm0346436,Val Guest,0.83,1
nm0204190,Arthur Davis,0.81,1
nm0942687,Norman Wright,0.81,1
nm0373871,Graham Heid,0.81,1
nm2113026,Sean Cain,0.8,1
nm0019282,James Algar,0.78,3
nm0766402,Paul Satterfield,0.73,2
nm0844301,Julian Harris,0.66,1
nm0754678,Paul Sabella,0.66,1
nm0831349,Jack Stokes,0.66,1
nm0625166,Barrie Nelson,0.66,1
nm0924266,Harold Whitaker,0.66,1
nm0613471,Jimmy T. Murakami,0.66,1
nm0887351,Pino Van Lamsweerde,0.66,1
nm0693376,Gerald Potterton,0.66,1
nm0354691,John Halas,0.66,1
nm0359610,Jim Handley,0.64,1
nm1968474,Ford Beebe Jr.,0.64,1
nm2318753,Chad Villella,0.58,1
nm2301412,Justin Martinez,0.58,1
nm1137264,Glenn McQuaid,0.58,1
nm4761826,Radio Silence,0.58,1
nm0412517,Shunji Iwai,0.56,1
nm0422638,Wen Jiang,0.56,1
nm0000204,Natalie Portman,0.56,1
nm0051157,Randall Balsmeyer,0.56,1
nm0040939,Yvan Attal,0.56,1
nm0041474,Frédéric Auburtin,0.34,1
nm0000367,Gérard Depardieu,0.34,1
nm0236313,Christopher Doyle,0.34,1
nm0687913,Bruno Podalydès,0.34,1
nm0005628,Oliver Schmitz,0.34,1
nm0840485,Nobuhiro Suwa,0.34,1
nm0858680,Daniela Thomas,0.34,1
nm1743387,Jonathan van Tulleken,0.33,1
nm0192090,Rusty Cundieff,0.33,1
nm2086105,James Duffy,0.33,1
nm1158962,Patrik Forsberg,0.33,1
nm2455747,Will Graham,0.33,1
